ApplicantIncome,CoapplicantIncome,LoanAmount,Loan_Amount_Term,Credit_History,TotalIncome,DebtToIncomeRatio,Gender_Male,Married_Yes,Dependents_1,Dependents_2,Dependents_3+,Education_Not Graduate,Self_Employed_Yes,Property_Area_Semiurban,Property_Area_Urban,IncomeBand_Lower-Middle,IncomeBand_Upper-Middle,IncomeBand_High,FamilySizeGroup_Medium Family,FamilySizeGroup_Small Family,FamilySizeGroup_Unknown,Loan_Status
0.07299082285068836,-0.5544873301529852,-0.21124124943736647,0.2732312961117544,0.41173269183271005,-0.18218375972648307,0.045424488556864866,1,0,0,0,0,0,0,0,1,0,1,0,0,1,0,1
-0.13441195378345122,-0.03873154846446157,-0.21124124943736647,0.2732312961117544,0.41173269183271005,-0.144684160081343,-0.33848495359411596,1,1,1,0,0,0,0,0,0,0,1,0,1,0,0,0
-0.3937473372051281,-0.5544873301529852,-0.9489964681145835,0.2732312961117544,0.41173269183271005,-0.6236563191851775,-0.21740989968109414,1,1,0,0,0,0,1,0,1,0,0,0,0,1,0,1
-0.4620624697931504,0.2519796016915365,-0.3064354712021687,0.2732312961117544,0.41173269183271005,-0.32288473690742187,0.06354330875610109,1,1,0,0,0,1,0,0,1,1,0,0,0,1,0,1
0.09772843680942066,-0.5544873301529852,-0.05655063906956289,0.2732312961117544,0.41173269183271005,-0.15878524920410228,-0.03310429653608865,1,0,0,0,0,0,0,0,1,0,1,0,0,1,0,1
0.0022183113925933404,0.8805997122641535,1.4427583537260718,0.2732312961117544,0.41173269183271005,0.40107447607643937,0.4921529321086234,1,1,0,1,0,0,1,0,1,0,0,1,1,0,0,1
-0.5030187842943628,-0.03599544352181688,-0.6039174142171756,0.2732312961117544,0.41173269183271005,-0.49209780638053324,0.11209602145214342,1,1,0,0,0,1,0,0,1,0,0,0,0,1,0,1
-0.38784962791695354,0.30191351689480206,0.1457370821806418,0.2732312961117544,-2.428760260810931,-0.23006547993453383,0.5836873789708431,1,1,0,0,1,0,0,1,0,0,1,0,0,0,0,0
-0.22893912765224944,-0.03257531234351103,0.26472985938664456,0.2732312961117544,0.41173269183271005,-0.23130513612115003,0.8108634436788932,1,1,0,1,0,0,0,0,1,0,1,0,1,0,0,1
1.2184570268205968,3.196712546212882,2.4184991268152944,0.2732312961117544,0.41173269183271005,2.6008443792268876,-1.1194847682473414,1,1,1,0,0,0,0,1,0,0,0,1,1,0,0,0
-0.3609822856041582,-0.31507814767157505,-0.9013993572321825,0.2732312961117544,0.41173269183271005,-0.484194998190855,-0.7151925543291431,1,1,0,1,0,0,0,0,1,0,0,0,1,0,0,1
-0.4756599662075529,0.07481680665529297,-0.4373275261287717,0.2732312961117544,0.41173269183271005,-0.4160139079269639,0.1653568828873351,1,1,0,1,0,0,0,0,1,1,0,0,1,0,0,1
-0.38178809337077413,2.2178710029817448,0.6455067464458534,0.2732312961117544,0.41173269183271005,0.6437371746065607,-0.7223227301236063,1,1,0,1,0,0,0,0,1,0,0,1,1,0,0,1
-0.5816549081366906,0.41682992448587897,-0.3778311375257703,0.2732312961117544,0.41173269183271005,-0.3613140786925241,0.0641473779979156,1,0,0,0,0,0,0,0,0,1,0,0,0,1,0,0
-0.6724141010713773,-0.18306108418896885,-1.532061076423997,-3.4548579441686273,0.41173269183271005,-0.718954888531298,-2.0447529446994994,1,1,0,1,0,0,0,0,1,0,0,0,1,0,0,1
-0.07428808409567142,-0.5544873301529852,-0.2469390825991673,0.2732312961117544,0.41173269183271005,-0.3214901236974786,0.18222918592625784,1,0,0,0,0,0,0,0,1,1,0,0,0,1,0,1
-0.29610748343423776,-0.5544873301529852,-0.5444210256141742,-1.5908133240284363,0.41173269183271005,-0.5313019332822706,0.49630449381035463,1,0,1,0,0,1,0,0,1,0,0,0,1,0,0,1
-0.31019645562265485,-0.5544873301529852,-0.8300036909085807,0.2732312961117544,-2.428760260810931,-0.5446282372883947,-0.26011699100814206,0,0,0,0,0,0,0,0,1,0,0,0,0,1,0,0
-0.08460907534997694,-0.5544873301529852,-0.1517448608343651,0.2732312961117544,0.41173269183271005,-0.3312524161670812,0.423366664230455,1,1,0,0,0,1,0,0,0,1,0,0,0,1,0,0
-0.45927744040706797,0.6425585822540657,-0.36593185980517007,0.2732312961117544,0.41173269183271005,-0.14328954687139978,-0.6041495259525811,1,1,0,0,0,0,0,0,1,0,1,0,0,1,0,1
0.369678365097471,-0.5544873301529852,-0.49682391473177306,0.2732312961117544,-2.428760260810931,0.09844340951875936,-1.2523444092473042,1,1,0,0,0,1,0,0,1,0,0,1,0,1,0,0
0.09035630019920242,1.3693364576440608,2.013923684314885,0.2732312961117544,0.41173269183271005,0.7058749409606977,0.4217708449046935,1,1,1,0,0,0,0,0,1,0,0,1,1,0,0,1
-0.45927744040706797,0.09909973802126458,-0.3540325820845698,0.2732312961117544,-2.428760260810931,-0.38951625693804265,0.23904370225550542,1,1,0,0,0,1,0,1,0,1,0,0,0,1,0,0
-0.33395111803335803,0.10115181672824809,-0.4016296929669709,0.2732312961117544,-2.428760260810931,-0.2700443919529063,-0.3152037600397464,1,1,0,1,0,1,0,0,0,1,0,0,1,0,0,0
-0.27628462721565095,0.44590103950147875,0.06244213813643986,0.2732312961117544,0.41173269183271005,-0.05930284022815217,-0.1272087433090128,1,1,1,0,0,0,0,1,0,0,1,0,1,0,0,0
0.6809463553066852,-0.5544873301529852,0.5384132469604509,0.2732312961117544,0.41173269183271005,0.392861753840107,-0.4657212143785492,1,1,0,0,0,0,1,1,0,0,0,1,0,1,0,1
-0.4266762140641029,0.216068224319325,-0.2826369157609681,0.2732312961117544,0.41173269183271005,-0.3056845073181221,0.04662040221151323,1,1,0,0,0,0,0,1,0,1,0,0,0,1,0,1
-0.19289757089118253,-0.19879368760917582,-0.4254282484081714,0.2732312961117544,0.41173269183271005,-0.2725237043261387,-0.3539533089233493,1,1,0,1,0,1,0,0,1,1,0,0,1,0,0,1
-0.6489870891766838,-0.5544873301529852,-1.317874077453192,0.2732312961117544,0.41173269183271005,-0.8650793615286826,0.06173256721813768,1,0,0,0,0,1,0,0,1,0,0,0,0,1,0,0
-0.2708783937014909,0.15792599428812537,-0.3064354712021687,0.2732312961117544,0.41173269183271005,-0.18466307209971547,-0.39279460186811255,0,0,0,1,0,0,0,1,0,0,1,0,1,0,0,1
-0.2027270863714735,0.5977548638182589,0.6574060241664537,0.2732312961117544,0.41173269183271005,0.07907378160288123,0.35707241828382913,1,1,1,0,0,0,0,0,1,0,0,1,1,0,0,0
-0.36638851911831827,-0.5544873301529852,-0.8538022463497813,0.2732312961117544,0.41173269183271005,-0.5977784962895644,-0.04957366366271864,1,0,0,0,0,0,0,0,1,0,0,0,0,1,0,0
-0.11655500066092261,-0.5544873301529852,-0.4730253592905725,0.2732312961117544,0.41173269183271005,-0.3614690357158511,-0.14471419716183656,1,0,1,0,0,0,1,0,0,1,0,0,1,0,0,0
-0.3118347082027033,0.015648537270601597,-0.3778311375257703,0.2732312961117544,0.41173269183271005,-0.28786444963551416,-0.2096576738085346,1,1,0,0,0,0,0,1,0,1,0,0,0,1,0,1
1.162592613840943,0.4715520233387727,2.0734200729178864,0.2732312961117544,0.41173269183271005,1.313306472402636,-0.3838794767152927,1,0,0,0,1,0,0,0,0,0,0,1,0,0,0,0
-0.512520649258644,0.152453784402836,-0.21124124943736647,0.2732312961117544,0.41173269183271005,-0.4157039938803099,0.045424488556864866,1,1,0,0,0,0,0,0,1,1,0,0,0,1,0,1
-0.5857505395868119,-0.09960988343830587,-0.5444210256141742,0.2732312961117544,-2.428760260810931,-0.5991731094995075,0.9702076283742462,1,1,0,0,0,0,0,0,1,0,0,0,0,1,0,0
-0.28447589011589347,-0.055490191238160284,-0.020852805907762065,0.2732312961117544,0.41173269183271005,-0.2942176875919222,0.5311263696663153,0,1,0,0,0,0,0,1,0,1,0,0,0,1,0,1
-0.2027270863714735,1.9114272494055395,0.45511830291624894,0.2732312961117544,0.41173269183271005,0.6742637082019846,-0.9332034376338485,1,0,0,0,0,0,0,0,1,0,0,1,0,1,0,1
-0.2712060442175006,0.015990550388432185,-0.4254282484081714,0.2732312961117544,0.41173269183271005,-0.24928015082708493,-0.4250372852033848,1,0,0,0,0,1,0,1,0,1,0,0,0,1,0,1
-0.2954521824022184,-0.5544873301529852,-0.7824065800261797,0.2732312961117544,0.41173269183271005,-0.5306821051889625,-0.19010536588183416,1,0,0,0,0,0,0,0,1,0,0,0,0,1,0,0
-0.5903376468109477,-0.13962541822448443,-1.1750827448059888,0.2732312961117544,0.41173269183271005,-0.6216418778819263,-1.0038946573433523,1,0,0,0,0,0,0,0,1,0,0,0,0,1,0,1
-0.4920424920080379,-0.5544873301529852,-0.841902968629181,0.2732312961117544,0.41173269183271005,-0.7166305331813926,0.9191413197131063,1,1,0,0,0,0,0,0,1,0,0,0,0,1,0,1
-0.23958776942256466,0.24445531309926363,-0.13984558311376483,0.2732312961117544,0.41173269183271005,-0.11586215374251632,-0.29754872813159083,1,1,0,0,0,0,0,1,0,0,1,0,0,1,0,1
-0.11606352488690806,-0.5544873301529852,-0.5920181364965753,0.2732312961117544,0.41173269183271005,-0.36100416464587004,-0.4081926965468507,1,1,0,0,0,1,1,0,1,1,0,0,0,1,0,1
-0.3265789814231398,-0.5544873301529852,-0.6872123582613775,0.2732312961117544,0.41173269183271005,-0.5601239396210973,0.2502903405578443,0,0,0,0,0,0,0,0,1,0,0,0,0,1,0,1
0.04022577124971845,-0.5544873301529852,-1.2107805779677896,0.2732312961117544,0.41173269183271005,-0.21317516439188808,-1.9635225106771113,1,1,1,0,0,0,0,0,1,0,1,0,1,0,0,1
0.06840371562655258,-0.5544873301529852,-0.020852805907762065,0.2732312961117544,0.41173269183271005,-0.18652255637963977,0.11901141428845263,1,1,0,0,0,0,0,0,1,0,1,0,0,1,0,1
-0.45190530379684973,0.6220377951842305,-0.3064354712021687,0.2732312961117544,-2.428760260810931,-0.14561390222130513,-0.49747768556126143,0,1,0,0,0,0,0,0,1,0,1,0,0,1,0,0
-0.22992207920027855,0.22359251291159787,-0.020852805907762065,0.2732312961117544,0.41173269183271005,-0.11617206778917037,-0.10090330327070543,0,0,0,0,0,0,0,1,0,0,1,0,0,1,0,1
-0.5693680137863268,0.00778223556049812,-0.5444210256141742,0.2732312961117544,0.41173269183271005,-0.5350209018421191,0.5192621415569495,0,1,0,0,0,1,0,1,0,0,0,0,0,1,0,1
-0.3796583650167111,-0.5544873301529852,-0.3064354712021687,0.2732312961117544,0.41173269183271005,-0.6103300151790534,1.8572922754495922,0,0,0,0,0,0,0,1,0,0,0,0,0,1,0,1
-0.19224226985916312,-0.5544873301529852,-0.4016296929669709,0.2732312961117544,0.41173269183271005,-0.4330591804929367,0.332747408997614,0,0,0,0,0,0,0,1,0,1,0,0,0,1,0,0
-0.1290057202692912,-0.5544873301529852,-0.13984558311376483,0.2732312961117544,0.41173269183271005,-0.37324576948870497,0.6463030134975799,1,1,0,1,0,0,0,0,1,1,0,0,1,0,0,0
0.9987673558360934,-0.5544873301529852,1.6688446304174769,0.2732312961117544,-2.428760260810931,0.6934783790945357,0.13517473242239464,0,1,1,0,0,0,1,0,1,0,0,1,1,0,0,0
-0.4415843125425442,-0.1553580216446914,-0.580118858775975,0.2732312961117544,0.41173269183271005,-0.4880689237740306,0.15516486796687382,1,1,0,1,0,0,0,1,0,0,0,0,1,0,0,1
-0.5359476611533376,-0.010344459684522937,-0.5920181364965753,0.2732312961117544,0.41173269183271005,-0.5116223913197384,0.24773526474288426,1,1,0,0,0,0,0,1,0,0,0,0,0,1,0,1
-0.3337872927753532,0.19794152907430393,-0.12794630539316454,0.2732312961117544,0.41173269183271005,-0.22603659732803116,0.05958934672728173,1,1,0,0,0,0,0,0,0,0,1,0,0,1,0,0
0.4384849734595078,0.21504218496583322,0.40752119203384785,0.2732312961117544,0.41173269183271005,0.5121786618019164,-0.779544962903615,1,1,1,0,0,0,0,0,1,0,0,1,1,0,0,1
-0.3352617200973968,0.4233281737246601,-0.020852805907762065,0.2732312961117544,0.41173269183271005,-0.12531453216546487,-0.07414016441779517,1,1,0,1,0,1,0,0,1,0,1,0,1,0,0,1
-0.4756599662075529,0.743794465131919,-0.3064354712021687,0.2732312961117544,0.41173269183271005,-0.11291797029930285,-0.5786832293528796,1,1,0,0,0,0,0,0,1,0,1,0,0,1,0,1
-0.38899640472298747,-0.5544873301529852,-0.5563203033347744,0.2732312961117544,0.41173269183271005,-0.6191625655086939,1.0953441289265142,1,1,0,0,1,0,0,0,1,0,0,0,0,0,0,1
-0.4578030130850243,0.6251159132447058,0.2290320262248437,-2.5228356340985316,-2.428760260810931,-0.1497977418511348,0.4260269831374549,1,1,0,0,0,1,1,0,0,0,1,0,0,1,0,0
-0.07510721038569566,-0.5544873301529852,-0.21124124943736647,0.2732312961117544,-2.428760260810931,-0.32226490881411374,0.045424488556864866,1,1,1,0,0,0,0,0,0,1,0,0,1,0,0,0
-0.2027270863714735,-0.5544873301529852,-0.3540325820845698,0.2732312961117544,-2.428760260810931,-0.4429764299858663,0.5007006500668004,0,0,0,0,0,0,0,1,0,0,0,0,0,1,0,0
0.052840316116091864,1.0170629462785572,1.3356648542406693,0.2732312961117544,0.41173269183271005,0.5107840485919731,0.15090368428041975,1,1,0,0,0,0,0,1,0,0,0,1,0,1,0,0
-0.3609822856041582,0.21641023743715557,-0.23503980487856702,-2.5228356340985316,-2.428760260810931,-0.24339178394065797,-0.0819685983600118,1,0,0,0,0,1,0,0,1,0,1,0,0,1,0,0
0.8758984123324562,-0.5544873301529852,1.9782258511530841,0.2732312961117544,0.41173269183271005,0.5772606115992669,0.6455403662071484,1,1,1,0,0,0,0,0,1,0,0,1,1,0,0,1
0.2779362206147552,-0.5544873301529852,-0.2469390825991673,-4.386880254238722,0.41173269183271005,0.01166747645562532,-0.7573474412889977,1,1,0,0,1,1,1,0,1,0,1,0,0,0,0,1
-0.18077450179882365,-0.5544873301529852,-0.11604702767256427,0.2732312961117544,-2.428760260810931,-0.4222121888600449,0.9655749019008014,0,0,0,0,0,0,0,1,0,1,0,0,0,1,0,0
-0.3596716835401194,0.4941248891155914,0.31232697026904566,0.2732312961117544,0.41173269183271005,-0.1163270248124974,0.4478998389271439,1,1,0,0,0,0,0,0,1,0,1,0,0,1,0,1
-0.5780507524605839,0.08678726577936348,-0.580118858775975,0.2732312961117544,0.41173269183271005,-0.5074385516899087,0.25768898842603116,1,1,0,1,0,1,1,1,0,0,0,0,1,0,0,1
-0.3118347082027033,-0.5544873301529852,-0.7705073023055794,-0.6587910139583409,0.41173269183271005,-0.546177807521665,-0.07698658299918526,1,0,0,0,0,0,0,1,0,0,0,0,0,1,0,1
-0.10623400940661709,-0.5544873301529852,-0.6039174142171756,0.2732312961117544,-2.428760260810931,-0.3517067432462485,-0.4657347291551218,1,1,0,0,1,1,0,1,0,1,0,0,0,0,0,0
-0.02251930256613895,0.052243940878474296,0.49081613607804975,0.2732312961117544,0.41173269183271005,0.002370055056003815,0.34318630988496424,1,1,0,0,1,0,1,1,0,0,1,0,0,0,0,1
-0.2708783937014909,-0.5544873301529852,-0.3897304152463706,2.1372759162519452,0.41173269183271005,-0.5074385516899087,0.7819360373718244,1,0,0,0,0,0,0,0,1,0,0,0,0,1,0,0
-0.2708783937014909,1.0700749795422981,0.35992408115144675,0.2732312961117544,0.41173269183271005,0.22860730911346044,-0.37641865533560853,1,0,0,0,0,0,0,0,1,0,0,1,0,1,0,0
-0.7213978532148273,0.4790763119310456,-0.4254282484081714,0.2732312961117544,0.41173269183271005,-0.4652902413449579,0.43989481725375384,1,1,1,0,0,0,1,0,1,0,0,0,1,0,0,0
-0.36638851911831827,0.8135651411693586,0.40752119203384785,-0.6587910139583409,-2.428760260810931,0.022049597018536,0.16534503225838715,1,1,0,0,1,0,0,1,0,0,1,0,0,0,0,0
-0.3391935262895132,0.18631308306806402,-0.18744269399616592,0.2732312961117544,0.41173269183271005,-0.23641871789094185,-0.015821107588684626,1,1,0,0,1,1,1,1,0,0,1,0,0,0,0,1
-0.25515116893302536,-0.5544873301529852,-0.41352897068757116,0.2732312961117544,0.41173269183271005,-0.4925626774505143,0.6256229059681352,0,0,0,0,0,0,0,1,0,0,0,0,0,1,0,1
-0.49286161829806213,-0.5544873301529852,-0.21124124943736647,0.2732312961117544,0.41173269183271005,-0.7174053182980277,0.045424488556864866,1,1,1,0,0,0,1,1,0,0,0,0,1,0,0,1
-0.6594719056889942,0.088839344486347,0.2528305816660443,0.2732312961117544,0.41173269183271005,-0.583522450143478,3.375653942177413,0,1,0,1,0,0,0,0,1,0,0,0,1,0,0,0
0.09772843680942066,0.21504218496583322,1.4189597982848712,0.2732312961117544,0.41173269183271005,0.18986805328170417,1.0261875033579333,1,1,0,0,0,0,0,1,0,0,0,1,0,1,0,0
-0.23188798229633673,-0.5544873301529852,-1.1393849116441879,-1.5908133240284363,0.41173269183271005,-0.4705587801380767,-1.38005721500706,1,1,1,0,0,0,0,0,1,0,0,0,1,0,0,1
-0.4976125507802028,0.3111478710762279,-0.11604702767256427,0.2732312961117544,0.41173269183271005,-0.32970284593381094,0.4918110081531886,1,0,0,0,0,0,0,1,0,1,0,0,0,1,0,1
-0.3391935262895132,0.12953890550818672,-0.5563203033347744,0.2732312961117544,0.41173269183271005,-0.262141583763228,-0.6396343491136048,1,1,0,1,0,1,0,1,0,1,0,0,1,0,0,1
-0.4756599662075529,0.16989645341219586,-0.49682391473177306,0.2732312961117544,0.41173269183271005,-0.37293585544205093,-0.15344704852466376,1,1,0,0,0,0,0,1,0,1,0,0,0,1,0,1
0.5181040488498647,-0.5544873301529852,0.7644995236518561,0.2732312961117544,0.41173269183271005,0.2388344726530441,0.09167385287307978,1,0,0,0,0,0,0,0,1,0,0,1,0,1,0,1
0.047761733117941525,0.8706813318470665,0.34802480343084646,0.2732312961117544,0.41173269183271005,0.4396587748848686,-0.7402382867815476,1,1,0,0,0,0,0,1,0,0,0,1,0,1,0,1
-0.4006279980413318,0.43735071155571414,-0.17554341627556563,0.2732312961117544,0.41173269183271005,-0.18078914651653985,-0.17285941588912948,1,1,0,0,0,0,0,1,0,0,1,0,0,1,0,1
0.13868475131063304,1.3792548380611478,0.50271541379865,-2.5228356340985316,0.41173269183271005,0.7560810165186539,-0.9800651643080075,1,1,0,1,0,0,0,1,0,0,0,1,1,0,0,1
-0.3490230417698042,0.06797654429868126,-0.7705073023055794,0.2732312961117544,0.41173269183271005,-0.299331269361714,-0.9664054825385902,1,1,0,1,0,1,0,0,1,1,0,0,1,0,0,1
-0.20813331988563355,-0.5544873301529852,-0.2826369157609681,0.2732312961117544,0.41173269183271005,-0.4480900117556581,0.7063923927824755,1,0,0,0,0,0,0,1,0,0,0,0,0,1,0,1
-0.2921756772421214,-0.5544873301529852,-1.4368668546591947,-3.4548579441686273,0.41173269183271005,-0.5275829647224219,-2.0720062451402286,1,0,0,0,0,1,0,1,0,0,0,0,0,1,0,1
0.22583978856921302,-0.5544873301529852,-0.21124124943736647,0.2732312961117544,0.41173269183271005,-0.03760885696236866,0.045424488556864866,1,0,0,0,0,0,0,0,1,0,1,0,0,1,0,0
-0.4782811703356305,0.2328268670930237,-0.10414774995196399,0.2732312961117544,0.41173269183271005,-0.3469030755231107,0.5966257688690985,0,1,0,0,0,0,0,1,0,1,0,0,0,1,0,1
-0.5613405761440893,-0.213500251675891,-1.1393849116441879,0.2732312961117544,0.41173269183271005,-0.6276852017916802,-0.8548156036311378,1,1,0,0,0,0,0,1,0,0,0,0,0,1,0,1
-0.19912293069536682,-0.5544873301529852,-0.36593185980517007,-2.5228356340985316,0.41173269183271005,-0.4395673754726717,0.4533897358342523,1,1,0,0,0,1,0,1,0,1,0,0,0,1,0,1
-0.5970544823891465,0.6565811200851197,-0.17554341627556563,0.2732312961117544,0.41173269183271005,-0.2672551655330198,0.11642666450608553,1,1,0,0,0,0,0,1,0,1,0,0,0,1,0,1
-0.18274040489488186,0.5615014733282169,-0.1517448608343651,-2.5228356340985316,0.41173269183271005,0.08155309397611364,-0.7563734089177402,1,1,0,1,0,1,0,0,1,0,0,1,1,0,0,1
-0.09181738670219032,0.7472145963102249,0.06244213813643986,0.2732312961117544,0.41173269183271005,0.2516959055891872,-0.7754054660532776,1,0,0,0,0,0,0,1,0,0,0,1,0,1,0,1
1.35099166054652,-0.5544873301529852,-0.21124124943736647,0.2732312961117544,0.41173269183271005,1.0266359792476396,0.045424488556864866,1,1,0,0,0,0,0,0,1,0,0,1,0,0,1,1
-0.1231080109811166,0.6709456710340044,-0.21124124943736647,0.2732312961117544,0.41173269183271005,0.1875436979317988,0.045424488556864866,1,1,0,0,0,0,0,1,0,0,0,1,0,1,0,1
-0.26006592667317086,-0.2966094393087234,0.16953563762184234,0.2732312961117544,0.41173269183271005,-0.38037379256174814,1.3812496426970275,1,1,0,0,0,0,0,0,1,1,0,0,0,0,1,1
-0.38522842378887595,-0.20221381878748168,-0.5444210256141742,0.2732312961117544,0.41173269183271005,-0.4559928199453364,0.08949520070539535,1,1,1,0,0,0,0,0,1,0,0,0,1,0,0,1
0.9851698594216909,-0.16938055947574543,0.9429886894608602,0.2732312961117544,0.41173269183271005,0.8550985544246229,-0.7164735611031596,1,1,0,1,0,0,0,0,1,0,0,1,1,0,0,1
0.31610750572988516,-0.5544873301529852,-0.3064354712021687,0.2732312961117544,0.41173269183271005,0.04777246289082217,-0.9098607706816394,1,0,0,0,0,1,0,0,0,0,1,0,0,1,0,0
-0.26268713080124845,0.6767598940371243,0.8358951899754578,0.2732312961117544,-2.428760260810931,0.058154583453732846,0.6659286667436168,1,1,0,1,0,0,0,0,1,0,1,0,1,0,0,0
-0.5459410018916334,-0.2966094393087234,-0.6158166919377758,2.1372759162519452,0.41173269183271005,-0.6507737982674069,1.1678723328070295,1,1,0,0,1,1,0,1,0,0,0,0,0,0,0,1
-0.014328039665896469,-0.5544873301529852,-0.11604702767256427,0.2732312961117544,0.41173269183271005,-0.2647758531597874,0.22285259451329564,1,0,0,0,0,0,0,0,1,1,0,0,0,1,0,1
-0.40537893052347246,0.24342927374577186,-0.08034919451076344,0.2732312961117544,0.41173269183271005,-0.2731435324194468,0.3251626322683986,0,1,0,0,0,0,0,1,0,1,0,0,0,1,0,1
-0.3000392896263542,0.8525546366020454,0.07434141585704014,0.2732312961117544,-2.428760260810931,0.10247229212526202,-0.490647072805774,1,1,0,0,0,1,0,0,0,0,0,1,0,1,0,0
0.33543888617445744,-0.5544873301529852,-0.21124124943736647,0.2732312961117544,0.41173269183271005,0.06605739164341112,0.045424488556864866,0,0,1,0,0,0,1,1,0,0,1,0,1,0,0,1
-0.05790555829518646,-0.5544873301529852,-0.3302340266433692,0.2732312961117544,0.41173269183271005,-0.3059944213647761,-0.049527568103465446,1,0,0,0,0,0,0,1,0,1,0,0,0,1,0,1
1.5038406262650446,-0.5544873301529852,0.4670175806368492,-2.5228356340985316,0.41173269183271005,1.1712108820117542,-1.3618243024228034,1,1,1,0,0,0,0,0,0,0,0,1,1,0,0,1
-0.36638851911831827,0.22632861785424258,0.09813997129824069,0.2732312961117544,0.41173269183271005,-0.24401161203396607,0.5513755519696321,0,1,0,0,0,0,0,1,0,0,1,0,0,1,0,1
-0.5225139899969399,-0.07635299142582604,-0.7229101914231782,0.2732312961117544,0.41173269183271005,-0.5288226209090382,-0.02909025792938684,1,1,1,0,0,0,0,0,1,0,0,0,1,0,0,1
0.02695592535132563,0.17810476824012994,0.34802480343084646,0.2732312961117544,0.41173269183271005,0.10619126068511063,-0.13167153868497386,1,1,0,0,0,0,0,0,0,0,0,1,0,1,0,0
0.8198701740947977,-0.5544873301529852,1.3475641319612697,0.2732312961117544,0.41173269183271005,0.5242653096214243,0.13703484979531158,0,0,0,0,0,0,0,0,1,0,0,1,0,1,0,1
0.04317462589380574,0.3576616551011876,0.40752119203384785,0.2732312961117544,0.41173269183271005,0.20288444324117427,-0.26677036359033957,1,1,0,0,0,0,0,0,0,0,0,1,0,0,1,1
-0.2027270863714735,-0.5544873301529852,-1.2107805779677896,0.2732312961117544,0.41173269183271005,-0.4429764299858663,-1.6228396646140115,0,0,0,0,0,0,0,1,0,0,0,0,0,1,0,1
-0.5351285348633134,2.5167904679656767,-0.10414774995196399,0.2732312961117544,-2.428760260810931,0.6341298391602851,-1.4063692084107167,0,0,0,0,0,0,0,1,0,0,0,1,0,1,0,1
-0.40079182329933666,-0.5544873301529852,-0.7705073023055794,0.2732312961117544,0.41173269183271005,-0.6303194711882396,0.44518442965049376,1,1,0,1,0,0,0,1,0,0,0,0,1,0,0,1
-0.18077450179882365,0.13432708915781494,0.5741110801222516,0.2732312961117544,0.41173269183271005,-0.1101287438794164,0.8546800895982474,1,1,0,0,0,1,0,0,0,0,1,0,0,1,0,1
-0.2803802586657722,-0.5544873301529852,-0.6277159696583761,0.2732312961117544,0.41173269183271005,-0.5164260590428762,0.17449742834988893,0,0,0,0,0,0,0,0,0,0,0,0,0,1,0,1
3.014309505069758,-0.5544873301529852,2.6683839589479,0.2732312961117544,0.41173269183271005,2.5999146370869255,-1.0106293765784156,1,1,0,0,1,0,0,0,0,0,0,1,0,0,0,1
-0.25203848903093323,0.006414183089175776,-0.21124124943736647,0.2732312961117544,0.41173269183271005,-0.23548897575097968,0.045424488556864866,1,0,0,0,0,0,0,0,0,0,1,0,0,1,0,1
0.8370718261853068,0.7622631734947707,0.16953563762184234,-2.5228356340985316,-2.428760260810931,1.1371203368798086,-1.5518151452043982,1,1,1,0,0,0,1,0,1,0,0,1,1,0,0,0
0.11083445744980862,0.32414436955379017,0.43131974747504837,0.2732312961117544,0.41173269183271005,0.2516959055891872,-0.3350097596135992,1,1,0,0,0,0,0,0,0,0,0,1,0,1,0,0
2.4184770417061197,-0.5544873301529852,6.000181720715977,2.1372759162519452,0.41173269183271005,2.0363359432465353,1.0398578644686498,1,0,0,0,0,0,1,0,1,0,0,1,0,1,0,1
-0.5552790415979099,0.10525597414221513,-0.8538022463497813,0.2732312961117544,0.41173269183271005,-0.4775318461877929,-0.6145963427762399,1,0,0,0,0,0,0,0,1,0,0,0,0,1,0,1
-0.4399460599624957,-0.5544873301529852,-0.9013993572321825,0.2732312961117544,0.41173269183271005,-0.6673541997633986,0.24387397927196833,1,0,0,0,0,0,0,1,0,0,0,0,0,1,0,1
-0.31855154378090217,-0.5544873301529852,-1.4368668546591947,-3.4548579441686273,0.41173269183271005,-0.552531045478073,-2.0325101617035455,1,1,0,0,0,0,1,1,0,0,0,0,0,1,0,1
-0.08329847328593815,-0.5544873301529852,-0.5206224701729736,0.2732312961117544,0.41173269183271005,-0.330012759980465,-0.36023576034096233,1,0,0,0,0,0,0,1,0,1,0,0,0,1,0,1
-0.22992207920027855,2.096114333034056,1.716441741299878,0.2732312961117544,0.41173269183271005,0.732217634926292,0.11198734849295834,1,1,0,0,1,0,0,1,0,0,0,1,0,0,0,0
-0.13441195378345122,-0.5544873301529852,-0.7348094691437785,0.2732312961117544,0.41173269183271005,-0.37835935125849685,-0.6685155915158255,0,1,0,0,0,0,0,0,0,1,0,0,0,1,0,0
-0.34197855567559565,0.6425585822540657,-0.6872123582613775,0.2732312961117544,0.41173269183271005,-0.0323403181692498,-1.334203789160689,1,1,0,1,0,0,1,0,1,0,1,0,1,0,0,1
1.571991933595062,-0.5544873301529852,1.145276410711065,0.2732312961117544,-2.428760260810931,1.2356730037157966,-0.9381174292271214,1,0,0,0,0,0,0,1,0,0,0,1,0,1,0,0
-0.19715702759930862,-0.06540857165524729,-0.19934197171676618,0.2732312961117544,0.41173269183271005,-0.21611934783510156,-0.10523336917010222,1,1,0,1,0,1,0,0,0,0,1,0,1,0,0,0
-0.05921616035922526,0.15792599428812537,0.4670175806368492,0.2732312961117544,0.41173269183271005,0.015541402038800948,0.2697604665267565,1,1,0,1,0,0,0,0,0,0,1,0,1,0,0,0
0.0022183113925933404,-0.5544873301529852,0.26472985938664456,0.2732312961117544,0.41173269183271005,-0.24912519380375792,0.8900795322502378,1,0,0,0,0,0,0,0,1,0,1,0,0,1,0,1
0.25336243191402774,-0.5544873301529852,0.34802480343084646,-2.5228356340985316,0.41173269183271005,-0.011576077043428444,0.17330029979177117,1,0,0,0,0,0,1,1,0,0,1,0,0,1,0,1
-0.4432225651225927,0.14116735151442666,-0.2826369157609681,0.2732312961117544,0.41173269183271005,-0.3552707547827701,0.24727495152812207,1,1,0,0,0,0,0,1,0,1,0,0,0,1,0,1
1.0408704471433399,-0.5544873301529852,0.49081613607804975,-2.5228356340985316,0.41173269183271005,0.7333023340895811,-0.9662536346334472,1,1,0,1,0,0,0,0,1,0,0,1,1,0,0,1
-0.5035102600683774,0.9797835164350234,-0.5444210256141742,0.2732312961117544,0.41173269183271005,-0.0323403181692498,-1.1178826587088049,0,1,0,0,0,0,0,1,0,0,1,0,0,1,0,1
1.550203174280417,-0.5544873301529852,-0.9013993572321825,0.2732312961117544,0.41173269183271005,1.215063719613302,-2.341995033527004,0,1,0,1,0,0,0,0,1,0,0,1,1,0,0,1
-0.6332598644082182,-0.06711863724440022,-1.3773704660561934,0.2732312961117544,0.41173269183271005,-0.6293897290482775,-1.6765114751699373,1,1,1,0,0,0,0,0,1,0,0,0,1,0,0,1
0.753029468828819,0.015306524152771011,0.9429886894608602,0.2732312961117544,0.41173269183271005,0.7192012449668219,-0.5507798608643453,0,0,0,0,0,0,0,0,0,0,0,1,0,1,0,0
-0.08903235731610788,-0.2706164423535989,-0.2469390825991673,0.2732312961117544,0.41173269183271005,-0.20682192643548006,-0.2212968368300222,1,1,0,0,0,0,0,1,0,0,1,0,0,1,0,1
0.143108033276764,-0.5544873301529852,-0.3302340266433692,0.2732312961117544,-2.428760260810931,-0.11586215374251632,-0.6107439541227849,1,0,0,0,0,0,0,0,0,0,1,0,0,1,0,0
-0.4630454213411795,0.7280618617117122,0.07434141585704014,0.2732312961117544,0.41173269183271005,-0.10811430257616507,0.03128274600405823,1,1,0,0,0,0,1,0,0,0,1,0,0,1,0,1
0.6163992036527745,-0.5544873301529852,1.1690749661522655,0.2732312961117544,0.41173269183271005,0.33180868664925917,0.35026583542580053,1,0,0,0,0,0,0,0,1,0,0,1,0,1,0,0
-0.511537697710615,-0.5544873301529852,-0.3897304152463706,0.2732312961117544,0.41173269183271005,-0.7350704189573086,3.1664011125541696,1,1,0,1,0,1,0,0,0,0,0,0,1,0,0,0
-0.35213572167189633,-0.5544873301529852,-1.1393849116441879,0.2732312961117544,0.41173269183271005,-0.5842972352601131,-1.0325685476414257,1,0,0,0,0,0,0,0,1,0,0,0,0,1,0,1
5.667623383716302,-0.5544873301529852,5.405217834685963,-2.5228356340985316,-2.428760260810931,5.1095985868914235,-1.0774566368050613,1,1,0,0,1,0,0,1,0,0,0,1,0,0,0,1
0.09772843680942066,-0.5544873301529852,0.16953563762184234,0.2732312961117544,0.41173269183271005,-0.15878524920410228,0.35598531010336754,1,1,1,0,0,0,0,0,0,0,1,0,1,0,0,1
0.6773421996305785,-0.5544873301529852,0.49081613607804975,0.2732312961117544,0.41173269183271005,0.3894526993269125,-0.511587767397551,1,1,1,0,0,0,0,0,1,0,0,1,1,0,0,1
-0.39702384236522514,0.15792599428812537,-0.3064354712021687,0.2732312961117544,0.41173269183271005,-0.30397998006152477,-0.008362764847849537,1,0,0,0,0,0,0,0,0,1,0,0,0,1,0,1
-0.13441195378345122,1.3693364576440608,1.2999670210788685,0.2732312961117544,0.41173269183271005,0.4932739049560193,0.1487939711446405,1,1,0,0,0,0,0,1,0,0,0,1,0,1,0,1
-0.5800166555566422,-0.19845167449134524,-0.5682195810553747,0.2732312961117544,0.41173269183271005,-0.6385321934245719,1.2258942175095457,1,1,0,0,0,1,0,1,0,0,0,0,0,1,0,1
0.4144026605327949,-0.5544873301529852,1.537952575490874,0.2732312961117544,0.41173269183271005,0.1407466768870372,1.3387833160331195,1,1,0,0,0,0,0,0,1,0,0,1,0,1,0,0
-0.37916688924269654,-0.11671053932983518,-0.2945361934815684,0.2732312961117544,-2.428760260810931,-0.4115201542504802,0.4823523674210692,1,1,1,0,0,0,0,1,0,1,0,0,1,0,0,0
-0.20256326111346865,-0.059594348652127316,0.1457370821806418,0.2732312961117544,0.41173269183271005,-0.21859866020833396,0.5374967460471481,1,1,0,1,0,0,0,0,0,0,1,0,1,0,0,1
0.6421197691595358,-0.5544873301529852,-0.841902968629181,-2.5228356340985316,0.41173269183271005,0.35613693931160206,-1.9321129496853189,1,1,0,0,0,0,0,0,1,0,0,1,0,1,0,1
-0.27792287979569946,0.52832620089865,0.43131974747504837,0.2732312961117544,0.41173269183271005,-0.023507767839609374,0.33310241839905497,1,1,0,0,0,0,0,0,0,0,1,0,0,1,0,1
-0.13441195378345122,-0.5544873301529852,-0.4016296929669709,0.2732312961117544,0.41173269183271005,-0.37835935125849685,0.08216545991484604,0,1,0,0,0,0,0,0,0,1,0,0,0,1,0,0
-0.48565330694584874,0.5854423915763578,-0.19934197171676618,0.2732312961117544,0.41173269183271005,-0.194115450522664,-0.17449466568475175,1,1,0,0,0,0,0,0,0,0,1,0,0,1,0,1
-0.5187460090628284,-0.5544873301529852,-0.9846943012763844,2.1372759162519452,-2.428760260810931,-0.7418885279836976,0.5398057298695079,1,0,0,0,0,0,0,1,0,0,0,0,0,1,0,0
0.42537895281911986,-0.5544873301529852,0.6455067464458534,0.2732312961117544,0.41173269183271005,0.1511287974499479,0.15120130660891684,1,1,0,1,0,0,0,1,0,0,0,1,1,0,0,1
-0.5870611416508507,0.05053387528932137,-0.6039174142171756,0.2732312961117544,0.41173269183271005,-0.5323866324455597,0.3317923824127441,1,1,0,0,0,1,0,0,0,0,0,0,0,1,0,1
7.594863718885352,-0.5544873301529852,6.59514560674599,-0.6587910139583409,0.41173269183271005,6.932513009310547,-1.258961051167476,1,1,0,0,1,0,0,0,1,0,0,1,0,0,0,1
-0.30823055252659665,-0.5544873301529852,-0.7705073023055794,-2.5228356340985316,0.41173269183271005,-0.5427687530084705,-0.09474881683842169,1,1,0,0,1,1,0,0,0,0,0,0,0,0,0,0
0.04989146147200457,1.3693364576440608,0.49081613607804975,0.2732312961117544,0.41173269183271005,0.6676005561989226,-0.893137481175586,1,1,0,0,0,0,0,1,0,0,0,1,0,1,0,1
-0.17356619044661029,-0.302765675429674,-0.6991116359819778,0.2732312961117544,0.41173269183271005,-0.30134571066496535,-0.8162821744672275,1,1,0,0,0,1,1,1,0,1,0,0,0,1,0,0
-0.31232618397671785,0.11722643326628564,-0.3540325820845698,0.2732312961117544,0.41173269183271005,-0.2423070847773688,-0.3106033084861499,1,1,0,0,0,0,0,0,0,0,1,0,0,1,0,1
-0.5502004585997595,-0.0007680923852665297,-0.5325217478935739,0.2732312961117544,0.41173269183271005,-0.5207648556960329,0.46642559146391166,1,1,0,1,0,0,0,0,0,0,0,0,1,0,0,1
0.01843701193507345,3.3102609013326365,4.155793674022934,0.2732312961117544,-2.428760260810931,1.5172299151010011,0.6962852740453827,1,1,0,0,1,0,0,1,0,0,0,1,0,0,0,0
-0.2708783937014909,-0.5544873301529852,-0.3540325820845698,0.2732312961117544,0.41173269183271005,-0.5074385516899087,0.8802323590491608,1,1,1,0,0,0,0,1,0,0,0,0,1,0,0,1
-0.5030187842943628,-0.05822629618080497,-0.5206224701729736,2.1372759162519452,-2.428760260810931,-0.5021700128967899,0.3914869766711158,1,0,0,0,0,1,0,0,1,0,0,0,0,1,0,0
0.1632585400113605,1.925107774118763,0.40752119203384785,0.2732312961117544,-2.428760260810931,1.0266359792476396,-1.3002897071704305,1,1,1,0,0,0,0,0,1,0,0,1,1,0,0,0
-0.5713339168823851,1.1771250854232715,-0.9370971903939832,0.2732312961117544,0.41173269183271005,-0.007082323366944716,-1.7409747165089573,1,0,0,0,0,0,0,0,0,0,1,0,0,1,0,0
-0.13162692439736878,-0.5544873301529852,-0.8657015240703816,-2.5228356340985316,0.41173269183271005,-0.37572508186193737,-0.9706588864476382,1,1,0,0,0,0,0,1,0,1,0,0,0,1,0,1
4.659606571212462,-0.5544873301529852,1.3594634096818698,0.2732312961117544,0.41173269183271005,4.156148022360238,-1.9766863666453323,1,1,1,0,0,0,0,1,0,0,0,1,1,0,0,0
-0.2913565509520971,-0.5544873301529852,-0.44922680384937197,0.2732312961117544,0.41173269183271005,-0.5268081796057869,0.7401318545895089,0,1,0,0,0,0,0,1,0,0,0,0,0,1,0,1
5.52804426389617,1.0700749795422981,-0.3064354712021687,0.2732312961117544,0.41173269183271005,5.713621063820168,-2.584671367362835,1,1,0,0,0,0,1,1,0,0,0,1,0,1,0,1
-0.5284116992851144,-0.5544873301529852,-0.9489964681145835,-0.6587910139583409,-2.428760260810931,-0.7510309923599922,0.8027867722730778,1,1,1,0,0,0,1,0,0,0,0,0,1,0,0,0
-0.49482752139412034,0.1767367157688076,-1.0441906898793858,0.2732312961117544,0.41173269183271005,-0.38796668670477236,-1.3442518841385471,1,1,0,0,0,0,0,0,0,1,0,0,0,1,0,1
-0.7748048873244083,1.256814141877798,0.26472985938664456,0.2732312961117544,0.41173269183271005,-0.16343395990391302,0.537100810681374,1,1,0,0,0,0,1,0,0,0,1,0,0,1,0,1
0.6429388954495601,-0.5544873301529852,0.50271541379865,-2.5228356340985316,0.41173269183271005,0.3569117244282372,-0.44418271727289055,1,1,0,0,0,0,0,0,0,0,0,1,0,1,0,1
-0.08493672586598665,-0.5544873301529852,-1.1631834670853884,0.2732312961117544,0.41173269183271005,-0.33156233021373527,-1.7132344263318584,1,0,0,0,0,1,0,0,0,1,0,0,0,1,0,1
1.0806799848385182,-0.5544873301529852,0.21713274850424344,0.2732312961117544,0.41173269183271005,0.7709568907580483,-1.241329917153347,1,0,0,0,0,0,0,1,0,0,0,1,0,1,0,0
0.10313467032358069,-0.5544873301529852,0.16953563762184234,0.2732312961117544,0.41173269183271005,-0.15367166743431046,0.338062891100372,1,1,0,0,0,1,0,0,1,0,1,0,0,1,0,0
-0.25318526583696715,-0.5544873301529852,-0.8300036909085807,0.2732312961117544,0.41173269183271005,-0.49070319317059,-0.5000946298547713,1,0,0,0,0,0,0,1,0,0,0,0,0,1,0,1
-0.19863145492135226,-0.5544873301529852,-0.3064354712021687,0.2732312961117544,0.41173269183271005,-0.43910250440269066,0.5975630035599561,1,0,0,0,0,0,0,0,0,1,0,0,0,1,0,1
-0.3732691799545219,0.32893255320341835,0.2885284148278451,0.2732312961117544,0.41173269183271005,-0.2040327000155936,0.7388610783747016,1,1,1,0,0,0,0,1,0,0,1,0,1,0,0,0
0.47993276373473476,0.7280618617117122,0.49081613607804975,0.2732312961117544,0.41173269183271005,0.7838183236941914,-1.0189808932813702,1,0,0,0,0,0,0,0,0,0,0,1,0,1,0,1
-0.5728083442044287,0.25437369351635064,-0.3064354712021687,0.2732312961117544,0.41173269183271005,-0.42655098551320164,0.530857043424471,0,0,0,0,0,1,0,0,1,1,0,0,0,1,0,1
-0.3255960298751107,0.4086216096579449,-0.3897304152463706,0.2732312961117544,0.41173269183271005,-0.12283521979223246,-0.6926454857109627,0,1,0,0,0,0,0,1,0,0,1,0,0,1,0,1
0.9168547268336686,-0.5544873301529852,-0.7467087468643788,0.2732312961117544,0.41173269183271005,0.6159998674310232,-1.9934457118056923,1,0,0,0,0,0,1,0,1,0,0,1,0,1,0,0
-0.45927744040706797,0.30054546442347974,-0.6634138028201769,0.2732312961117544,0.41173269183271005,-0.2982465701984249,-0.7522575323371883,1,1,1,0,0,1,0,1,0,1,0,0,1,0,0,1
-0.07871136606180236,-0.5544873301529852,0.240931303945444,0.2732312961117544,-2.428760260810931,-0.3256739633273083,1.2225423608440529,1,0,0,1,0,0,0,1,0,1,0,0,1,0,0,1
-0.23123268126431734,-0.5544873301529852,-0.21124124943736647,-2.5228356340985316,0.41173269183271005,-0.46993895204476865,0.045424488556864866,1,1,0,0,1,1,0,0,1,0,0,0,0,0,0,0
-0.3118347082027033,-0.18408712354246062,-0.12794630539316454,0.2732312961117544,0.41173269183271005,-0.37835935125849685,0.6987963235900411,1,1,1,0,0,1,0,0,1,1,0,0,1,0,0,1
-0.24351957561468104,-0.5544873301529852,-0.2588383603197676,0.2732312961117544,0.41173269183271005,-0.4815607287942955,0.9691348615414364,1,1,0,1,0,1,0,1,0,0,0,0,1,0,0,1
-0.1630813739342999,-0.5544873301529852,-0.3064354712021687,0.2732312961117544,0.41173269183271005,-0.40547683034072624,0.4243705308710243,0,0,0,0,0,1,0,1,0,1,0,0,0,1,0,1
-0.35377397425194484,-0.5544873301529852,-0.7824065800261797,0.2732312961117544,0.41173269183271005,-0.5858468054933834,0.10953748345653186,0,0,0,0,0,0,0,0,1,0,0,0,0,1,0,1
-0.23401771065039978,0.3111478710762279,-1.0798885230411865,0.2732312961117544,0.41173269183271005,-0.08037699540062758,-1.8818449254394325,1,0,0,0,0,1,0,0,0,0,1,0,0,1,0,1
-0.4791002966256548,-0.5544873301529852,-1.0322914121587854,0.2732312961117544,0.41173269183271005,-0.7043889283385576,0.003746911192380204,1,0,0,0,0,0,0,0,1,0,0,0,0,1,0,1
-0.325268379359101,-0.5544873301529852,-0.22314052715796673,0.2732312961117544,0.41173269183271005,-0.558884283434481,1.64484238534404,1,0,0,0,0,0,0,1,0,0,0,0,0,1,0,0
0.753029468828819,-0.5544873301529852,0.8120966345342572,0.2732312961117544,0.41173269183271005,0.4610428441039981,-0.2911321409390965,0,0,0,0,0,0,0,1,0,0,0,1,0,1,0,0
-0.3233024762630428,-0.12697093286475275,-0.21124124943736647,0.2732312961117544,-2.428760260810931,-0.36332851999577537,0.4399992602549367,1,1,0,0,1,0,0,1,0,1,0,0,0,0,0,0
0.3904841728640869,-0.5544873301529852,1.1214778552698643,0.2732312961117544,0.41173269183271005,0.11812295148129155,0.8663805765500472,1,1,1,0,0,0,1,0,1,0,0,1,1,0,0,1
0.04907233518198032,-0.5544873301529852,-0.18744269399616592,0.2732312961117544,0.41173269183271005,-0.20480748513222874,-0.11972545235402013,1,1,0,0,1,1,1,0,0,0,1,0,0,0,0,1
-0.36540556757028914,0.478734298813215,-0.10414774995196399,0.2732312961117544,0.41173269183271005,-0.1287235866786594,-0.20288921283337671,1,1,0,0,0,0,0,0,1,0,1,0,0,1,0,1
-0.254495867901006,-0.21828843532551923,-0.5444210256141742,0.2732312961117544,0.41173269183271005,-0.33962009542674054,-0.378237163008952,1,1,0,0,1,1,0,1,0,1,0,0,0,0,0,1
-0.8606493225189494,0.061136281942069534,-0.12794630539316454,0.2732312961117544,0.41173269183271005,-0.7863611936785538,5.585853707038566,1,1,0,0,0,0,0,0,0,0,0,0,0,1,0,0
-0.2746463746356025,0.052585953996304884,-0.17554341627556563,0.2732312961117544,0.41173269183271005,-0.23595384682096077,0.004927018398595101,1,1,0,0,0,0,0,1,0,0,1,0,0,1,0,1
-0.06609682119542894,-0.5544873301529852,-0.8776008017909819,0.2732312961117544,-2.428760260810931,-0.31374227253112735,-1.1512249556157885,1,1,0,1,0,0,0,1,0,1,0,0,1,0,0,0
-0.1835595311849061,0.26052992963730115,-0.22314052715796673,0.2732312961117544,0.41173269183271005,-0.055583871668303565,-0.579643494341125,0,1,0,1,0,0,0,1,0,0,1,0,1,0,0,1
-0.521367213190906,-0.5544873301529852,-1.0203921344381852,0.2732312961117544,-2.428760260810931,-0.74436784035693,0.39876774036965507,1,1,0,0,0,0,0,0,1,0,0,0,0,1,0,0
-0.22844765187823488,0.032749193162130895,-0.3540325820845698,0.2732312961117544,0.41173269183271005,-0.20124347359570716,-0.4313923743070104,1,1,0,1,0,0,0,1,0,0,1,0,1,0,0,1
-0.39849826968726876,0.40007128171218026,-0.020852805907762065,0.2732312961117544,0.41173269183271005,-0.19566502075593425,0.1501350934702786,1,0,0,0,0,0,0,1,0,0,1,0,0,1,0,1
0.35624469394107333,-0.2090540811440934,0.34802480343084646,0.2732312961117544,0.41173269183271005,0.24224352716623865,-0.41679531230559336,1,1,0,0,0,0,0,1,0,0,0,1,0,1,0,1
0.13868475131063304,-0.5544873301529852,-0.21124124943736647,0.2732312961117544,0.41173269183271005,-0.120045993372346,-0.404172910868033,1,1,0,0,0,0,0,1,0,0,1,0,0,1,0,1
-0.3527910227039157,-0.5544873301529852,0.2885284148278451,0.2732312961117544,0.41173269183271005,-0.5849170633534213,3.5065084407872216,1,1,0,0,0,0,0,0,0,0,0,0,0,1,0,0
-0.10951051456671408,-0.5544873301529852,-0.09224847223136372,0.2732312961117544,0.41173269183271005,-0.35480588371278904,0.6604582529969116,1,1,0,0,0,1,1,0,1,1,0,0,0,0,1,0
0.13868475131063304,0.025224904569858004,0.7644995236518561,0.2732312961117544,0.41173269183271005,0.1426061611669615,0.32711708053586763,1,1,0,1,0,0,0,1,0,0,0,1,1,0,0,1
-0.10574253363260254,-0.5544873301529852,0.1457370821806418,2.1372759162519452,0.41173269183271005,-0.35124187217626746,1.1596269480286256,1,1,0,0,0,0,0,1,0,1,0,0,0,0,1,1
0.1632585400113605,-0.5544873301529852,0.6455067464458534,0.2732312961117544,0.41173269183271005,-0.09680243987329223,0.9191413197131063,1,0,0,0,0,0,1,0,0,0,1,0,0,1,0,1
-0.4771343935295966,0.14800761387103836,-0.49682391473177306,0.2732312961117544,0.41173269183271005,-0.38424771814492376,-0.1090027902404674,1,1,1,0,0,0,0,1,0,1,0,0,1,0,0,1
-0.2764484524736558,-0.5544873301529852,-1.2345791334089902,-2.5228356340985316,0.41173269183271005,-0.5127070904830275,-1.5318190019811047,1,1,0,0,0,0,0,0,0,0,0,0,0,1,0,1
-0.36278436344221154,0.33406274997087715,-0.3064354712021687,0.2732312961117544,0.41173269183271005,-0.1917910951727586,-0.37270178164671497,1,0,0,0,0,1,0,0,0,0,1,0,0,1,0,1
0.47993276373473476,-0.5544873301529852,1.5974489640938754,0.2732312961117544,0.41173269183271005,0.20272948621784725,1.2080519090664763,0,0,0,0,0,0,0,1,0,0,0,1,0,1,0,1
-0.3683544222143764,0.05395400646762723,-0.06844991679016317,0.2732312961117544,0.41173269183271005,-0.323969436070711,0.5658328823911545,1,1,1,0,0,0,0,1,0,1,0,0,1,0,0,1
0.015815807806995857,-0.1235508016864469,0.2885284148278451,0.2732312961117544,0.41173269183271005,-0.04101791147556321,0.16937740159363127,1,1,1,0,0,0,0,0,0,0,1,0,1,0,0,1
0.056116821276188854,-0.5544873301529852,1.2999670210788685,0.2732312961117544,0.41173269183271005,-0.19814433312916666,2.5322697496065225,1,1,0,0,0,0,0,0,1,0,1,0,0,1,0,0
-0.3178962427488828,-0.5544873301529852,-0.2826369157609681,0.2732312961117544,0.41173269183271005,-0.5519112173847649,1.408112653497322,0,0,0,0,0,0,1,0,1,0,0,0,0,1,0,1
-0.26072122770519024,-0.5544873301529852,-0.4016296929669709,0.2732312961117544,0.41173269183271005,-0.4978312162436332,0.6894845476934902,0,0,1,0,0,0,0,0,0,0,0,0,1,0,0,1
-0.3421423809336005,-0.5544873301529852,-0.5920181364965753,0.2732312961117544,0.41173269183271005,-0.5748448568371647,0.637679142964512,1,1,1,0,0,0,0,1,0,0,0,0,1,0,0,1
0.06807606511054287,1.1555782589999446,-0.3064354712021687,0.2732312961117544,0.41173269183271005,0.5879526462088316,-1.557729625593363,1,1,0,1,0,0,0,0,0,0,0,1,1,0,0,1
-0.47402171362750445,0.12372468250506677,-0.06844991679016317,-2.5228356340985316,0.41173269183271005,-0.3923054833579291,0.9080315710258656,1,1,1,0,0,1,0,0,1,1,0,0,1,0,0,0
-0.3994812212352979,1.3953294545991854,0.11003924901884096,-4.386880254238722,0.41173269183271005,0.2543301749857466,-0.722899811468596,1,0,0,0,0,0,0,0,1,0,0,1,0,1,0,1
0.13868475131063304,-0.10987027697322346,-0.44922680384937197,0.2732312961117544,0.41173269183271005,0.08139813695278661,-1.1629423979349411,1,1,0,1,0,0,1,0,0,0,0,1,1,0,0,1
-0.3272342824551592,0.956184611304713,-0.2707376380403678,0.2732312961117544,0.41173269183271005,0.12370140432106445,-0.9886835754268556,1,1,0,0,0,1,0,1,0,0,0,1,0,1,0,1
0.10591969970966313,0.9274555094069438,-0.3064354712021687,-2.5228356340985316,0.41173269183271005,0.5203913840382487,-1.5005020905443875,1,0,0,0,0,0,1,0,1,0,0,1,0,1,0,0
0.7043733672013787,-0.5544873301529852,-0.4016296929669709,0.2732312961117544,0.41173269183271005,0.4150206081758716,-1.5022875889669594,1,1,0,1,0,0,0,0,1,0,0,1,1,0,0,1
0.1973341936763692,-0.5544873301529852,-0.10414774995196399,-2.5228356340985316,0.41173269183271005,-0.06457137902127102,-0.37315482824672846,1,1,1,0,0,1,0,0,1,0,1,0,1,0,0,1
-0.4130787176497004,0.07584284600878473,-0.2707376380403678,2.1372759162519452,0.41173269183271005,-0.3563554539460593,0.2779723563911957,1,1,1,0,0,0,0,1,0,1,0,0,1,0,0,1
-0.588863219488904,0.08439317395454939,-0.6634138028201769,0.2732312961117544,0.41173269183271005,-0.5187504143927816,0.08687562696896854,1,1,0,0,0,0,0,0,1,0,0,0,0,1,0,1
-0.6119625808675878,0.7759436982079941,0.6574060241664537,0.2732312961117544,-2.428760260810931,-0.22727625351464736,1.5229372638054615,1,1,0,0,0,1,0,1,0,0,1,0,0,1,0,0
-0.32379395203705735,-0.5544873301529852,-0.09224847223136372,0.2732312961117544,0.41173269183271005,-0.5574896702245379,2.027242680903715,0,0,0,1,0,0,0,0,1,0,0,0,1,0,0,0
-0.4620624697931504,0.1866550961858946,-0.49682391473177306,0.2732312961117544,0.41173269183271005,-0.35248152836288366,-0.23034362621758567,1,0,0,0,0,1,1,0,0,1,0,0,0,1,0,1
-0.44928409966877214,1.8741478195620058,1.585549686373275,-2.5228356340985316,0.41173269183271005,0.4241630725521661,0.5911030227816917,1,1,1,0,0,1,0,1,0,0,0,1,1,0,0,1
1.7769373313591288,-0.5544873301529852,0.5503125246810512,0.2732312961117544,-2.428760260810931,1.429524239897905,-1.468797687188721,1,0,0,0,0,0,1,0,1,0,0,1,0,1,0,0
-0.3801498407907256,-0.5544873301529852,1.2999670210788685,0.2732312961117544,0.41173269183271005,-0.6107948862490344,7.242254272243063,0,0,0,0,1,0,0,0,0,0,0,0,0,0,0,1
0.10510057341963888,-0.5544873301529852,-0.36593185980517007,0.2732312961117544,-2.428760260810931,-0.15181218315438616,-0.5830738423972397,1,0,0,0,0,1,0,0,0,0,1,0,0,1,0,0
-0.025140506694216542,-0.5544873301529852,-0.6158166919377758,0.2732312961117544,0.41173269183271005,-0.2750030166993711,-0.7205934511246012,1,1,0,0,1,0,0,0,1,1,0,0,0,0,0,0
1.5202231520655296,0.16374021729124533,1.8830316293882818,0.2732312961117544,0.41173269183271005,1.5121163333312093,-0.6949374482217257,1,1,0,0,0,0,0,0,0,0,0,1,0,1,0,0
-0.07740076399776356,-0.5544873301529852,-0.21124124943736647,0.2732312961117544,0.41173269183271005,-0.3244343071406921,0.2689386113963365,1,1,0,0,1,1,0,1,0,1,0,0,0,0,0,0
0.11132593322382317,0.8990684206270051,2.192412850123889,0.2732312961117544,0.41173269183271005,0.5126435328718975,1.0034935809028145,1,1,1,0,0,0,0,0,1,0,0,1,1,0,0,1
-0.5477430797296867,0.2010196471347792,-0.13984558311376483,0.2732312961117544,0.41173269183271005,-0.4270158565831827,0.9362306383462516,1,0,0,0,0,0,0,1,0,1,0,0,0,1,0,1
-0.31494738810479544,-0.5544873301529852,0.11003924901884096,-4.759689178266761,0.41173269183271005,-0.5491219909648785,2.5505450533831673,0,0,1,0,0,0,0,1,0,0,0,0,1,0,0,0
0.29431874641524014,-0.5544873301529852,-0.3064354712021687,0.2732312961117544,0.41173269183271005,0.02716317878832783,-0.8727187108633357,0,0,0,0,0,0,0,0,0,0,1,0,0,1,0,1
-0.03890182836662391,-0.5544873301529852,-0.21124124943736647,0.2732312961117544,0.41173269183271005,-0.2880194066588412,0.12384920393544219,1,0,0,0,0,0,1,1,0,1,0,0,0,1,0,1
-0.2143586796898178,0.6244318870090446,0.06244213813643986,0.2732312961117544,0.41173269183271005,0.08015848076617041,-0.4605440658029064,1,0,0,0,0,0,0,0,0,0,0,1,0,1,0,1
-0.11393379653284502,-0.08011513572196248,0.05054286041583959,0.2732312961117544,0.41173269183271005,-0.1440643319880349,0.10332317617748255,1,1,0,1,0,0,0,1,0,0,1,0,1,0,0,1
-0.17536826828466362,0.06489842623820598,0.16953563762184234,0.2732312961117544,-2.428760260810931,-0.13647143784501067,0.27919130879294857,1,1,0,0,1,0,0,0,1,0,1,0,0,0,0,1
-0.325268379359101,-0.5544873301529852,-0.12794630539316454,0.2732312961117544,0.41173269183271005,-0.558884283434481,1.9324267085662064,0,0,0,0,0,0,0,0,0,0,0,0,0,1,0,0
-0.41406166919772946,-0.0209468663372711,-0.6634138028201769,0.2732312961117544,0.41173269183271005,-0.4011380336875695,-0.42769666539748735,0,0,1,0,0,0,0,0,1,1,0,0,1,0,0,1
-0.35492075105797877,-0.5544873301529852,-1.3773704660561934,0.2732312961117544,0.41173269183271005,-0.5869315046566725,-1.781815445560665,0,0,0,0,0,0,0,0,1,0,0,0,0,1,0,1
0.9407732145023766,-0.5544873301529852,-0.11604702767256427,0.2732312961117544,0.41173269183271005,0.6386235928367688,-1.421332594260455,1,1,0,0,0,0,0,0,1,0,0,1,0,1,0,1
-0.421106155291938,0.08063102965841293,-0.23503980487856702,0.2732312961117544,0.41173269183271005,-0.36177894976250513,0.3804371314161377,1,0,0,0,0,0,0,0,0,1,0,0,0,1,0,1
-0.456000935246971,0.2058078307844074,0.05054286041583959,0.2732312961117544,0.41173269183271005,-0.3380705251934703,0.8850494132878739,1,1,0,0,0,0,0,1,0,1,0,0,0,1,0,1
-0.24630460500076348,-0.5544873301529852,-0.6634138028201769,0.2732312961117544,0.41173269183271005,-0.484194998190855,-0.08508792819237228,1,1,0,1,0,0,0,1,0,0,0,0,1,0,0,1
-0.4347036517063405,0.07550083289095415,-0.36593185980517007,0.2732312961117544,0.41173269183271005,-0.3769647380485536,0.15655280495807494,1,1,1,0,0,0,0,1,0,1,0,0,1,0,0,1
-0.23106885600631247,0.5652636176243533,0.7288016904900553,0.2732312961117544,0.41173269183271005,0.03754529935123851,0.5793962884581224,1,1,0,0,0,0,0,1,0,0,1,0,0,1,0,1
-0.37687333563062864,-0.10987027697322346,-0.7824065800261797,0.2732312961117544,0.41173269183271005,-0.4062516154573613,-0.6880735839332952,1,1,0,0,0,0,0,0,1,1,0,0,0,1,0,1
1.5038406262650446,-0.5544873301529852,3.4537362885075185,0.2732312961117544,0.41173269183271005,1.1712108820117542,0.7529991856293294,1,1,0,0,0,0,0,1,0,0,0,1,0,1,0,1
-0.21353955339979358,-0.5544873301529852,-0.2588383603197676,0.2732312961117544,0.41173269183271005,-0.4532035935254499,0.7955217078475537,0,1,0,0,0,1,0,0,0,0,0,0,0,1,0,1
-0.2212393405260215,0.27523649370401637,0.1457370821806418,0.2732312961117544,-2.428760260810931,-0.08456083503045726,0.07581778317408652,1,0,1,0,0,1,1,0,1,0,1,0,1,0,0,0
-0.24188132303463256,-0.2808768358885165,-0.4016296929669709,0.2732312961117544,0.41173269183271005,-0.35604553989940524,-0.009307416248485039,1,1,0,0,0,0,0,1,0,1,0,0,0,1,0,1
-0.5082611925505179,-0.21733080276815359,-0.8062051354673803,-2.5228356340985316,0.41173269183271005,-0.5792146467854624,-0.004685738897187734,1,1,0,1,0,0,0,0,1,0,0,0,1,0,0,1
-0.5885355689728943,0.015306524152771011,-1.0917878007617867,0.2732312961117544,0.41173269183271005,-0.5497418190581865,-1.012304010915636,0,0,0,0,0,0,0,0,1,0,0,0,0,1,0,1
2.5005534959665496,-0.5544873301529852,-0.21124124943736647,0.2732312961117544,0.41173269183271005,2.1139694119333745,0.045424488556864866,1,1,0,0,0,0,0,0,0,0,0,1,0,1,0,0
-0.3678629464403619,0.48967871858379375,-0.6753130805407772,0.2732312961117544,0.41173269183271005,-0.1260893172821,-1.1598976949941786,1,0,0,0,0,0,0,0,0,0,1,0,0,1,0,1
-0.45927744040706797,0.032749193162130895,-0.5563203033347744,-0.6587910139583409,0.41173269183271005,-0.4195779194634855,-0.10282193608572819,0,0,0,0,0,0,1,1,0,1,0,0,0,1,0,0
-0.278414355569714,0.12953890550818672,-0.3064354712021687,0.2732312961117544,0.41173269183271005,-0.2046525281089017,-0.3356274254010324,1,1,0,0,0,0,0,0,0,0,1,0,0,1,0,1
-0.2096077472076772,-0.5544873301529852,-0.36593185980517007,0.2732312961117544,0.41173269183271005,-0.4494846249656013,0.5057497510682709,0,0,0,0,0,0,0,1,0,0,0,0,0,1,0,1
0.672427441890433,-0.5544873301529852,0.49081613607804975,0.2732312961117544,0.41173269183271005,0.38480398862710175,-0.5039868913613382,1,0,0,0,0,0,0,0,0,0,0,1,0,1,0,1
-0.3814604428547644,0.2718163625257105,-0.08034919451076344,0.2732312961117544,0.41173269183271005,-0.23765837407755805,0.18980109601280618,1,1,0,0,0,0,0,0,0,0,1,0,0,1,0,1
-0.16439197599833869,-0.5544873301529852,-0.22314052715796673,0.2732312961117544,-2.428760260810931,-0.40671648652734244,0.625927860164234,1,1,0,1,0,0,0,1,0,1,0,0,1,0,0,0
-0.3686820727303861,-0.0209468663372711,-0.13984558311376483,0.2732312961117544,0.41173269183271005,-0.35821493822598355,0.5728921094762293,1,1,0,1,0,0,0,0,1,1,0,0,1,0,0,1
0.0022183113925933404,-0.5544873301529852,-0.03275208362836234,2.1372759162519452,-2.428760260810931,-0.24912519380375792,0.32302026468207135,0,0,0,0,0,0,0,0,1,0,1,0,0,0,1,0
-0.49482752139412034,0.5857844046941885,0.31232697026904566,0.2732312961117544,0.41173269183271005,-0.20263808680565037,0.7760844517830797,1,1,0,0,0,0,0,1,0,0,1,0,0,1,0,1
-0.1617707718702611,-0.12697093286475275,-0.4254282484081714,0.2732312961117544,0.41173269183271005,-0.21054089499532866,-0.5351467742875915,1,1,0,0,1,0,0,0,1,0,1,0,0,0,0,1
0.24107553756366404,-0.5544873301529852,0.6455067464458534,0.2732312961117544,0.41173269183271005,-0.023197853792955324,0.6538529515498408,1,1,1,0,0,0,0,1,0,0,1,0,1,0,0,1
-0.12081445736904871,-0.5544873301529852,-0.12794630539316454,0.2732312961117544,0.41173269183271005,-0.36549791832235373,0.6344143109968082,0,1,1,0,0,0,0,0,1,1,0,0,1,0,0,1
-0.06609682119542894,0.31456800225453374,0.06244213813643986,2.1372759162519452,0.41173269183271005,0.08000352374284338,-0.46021784717407654,0,0,0,0,0,0,0,0,0,0,0,1,0,1,0,0
-0.5552790415979099,0.44590103950147875,-0.3897304152463706,0.2732312961117544,0.41173269183271005,-0.3231946509540759,-0.10939141701178005,1,1,1,0,0,0,0,0,1,1,0,0,1,0,0,0
-0.5903376468109477,0.44897915756195406,-0.6277159696583761,0.2732312961117544,-2.428760260810931,-0.35496084073611606,-0.5067549023371314,1,1,0,0,0,1,0,0,1,1,0,0,0,1,0,0
-0.4142254944557343,0.04403562605054023,-0.4849246370111728,0.2732312961117544,0.41173269183271005,-0.37185115627876175,-0.13106853604559618,1,1,0,0,0,1,0,1,0,1,0,0,0,0,1,1
-0.06609682119542894,-0.5544873301529852,-0.16364413855496537,0.2732312961117544,0.41173269183271005,-0.31374227253112735,0.32321986954425513,0,0,0,0,0,0,0,0,0,1,0,0,0,1,0,1
-0.6190070669617963,0.06216232129556129,-0.5920181364965753,0.2732312961117544,0.41173269183271005,-0.5573347132012108,0.5203860036905109,1,1,1,0,0,0,0,0,1,0,0,0,1,0,0,1
-0.22992207920027855,0.30054546442347974,-0.06844991679016317,0.2732312961117544,0.41173269183271005,-0.08130673754058973,-0.27411931603340334,1,0,0,0,0,0,0,0,0,0,1,0,0,1,0,1
-0.5575725952099777,-0.5544873301529852,-0.21124124943736647,0.2732312961117544,0.41173269183271005,-0.7786133425122026,0.045424488556864866,1,0,0,0,0,1,0,0,1,0,0,0,0,1,0,0
-0.26891249060543276,0.015306524152771011,-0.12794630539316454,0.2732312961117544,0.41173269183271005,-0.24742066654716063,0.1353558236561408,0,0,0,0,0,0,0,0,0,0,1,0,0,1,0,1
-0.4920424920080379,0.08268310836539645,-0.49682391473177306,0.2732312961117544,-2.428760260810931,-0.42794559872314486,0.07698331800959095,0,0,0,0,0,0,0,0,1,1,0,0,0,1,0,0
2.429453333992445,-0.5544873301529852,3.9773045082139302,0.2732312961117544,0.41173269183271005,2.046718063809446,-0.005628038231023307,1,0,0,0,0,0,0,0,0,0,0,1,0,1,0,0
0.3708251419035049,-0.5544873301529852,0.4670175806368492,0.2732312961117544,0.41173269183271005,0.09952810868204855,0.04422857490221606,1,1,0,1,0,1,0,0,0,0,0,1,1,0,0,1
-0.40734483361953067,-0.5544873301529852,-0.7348094691437785,0.2732312961117544,0.41173269183271005,-0.6365177521213207,0.6177044616382701,0,0,0,0,0,0,0,1,0,0,0,0,0,1,0,1
-0.40570658103948215,0.26805421822957404,-0.41352897068757116,0.2732312961117544,0.41173269183271005,-0.262296540786555,-0.36267903224249876,1,0,0,0,0,1,0,1,0,1,0,0,0,1,0,1
-0.474513189401519,-0.5544873301529852,-1.0679892453205864,0.2732312961117544,0.41173269183271005,-0.7000501316854009,-0.1759466527031194,0,0,0,0,0,0,0,0,0,0,0,0,0,1,0,1
0.056116821276188854,-0.5544873301529852,-0.020852805907762065,-4.014071330210684,0.41173269183271005,-0.19814433312916666,0.15868558101438734,1,1,0,1,0,0,1,0,0,0,1,0,1,0,0,1
-0.48008324817368386,0.07584284600878473,0.15763635990124206,0.2732312961117544,0.41173269183271005,-0.4197328764868125,1.605945872674684,1,1,0,0,0,0,0,0,0,1,0,0,0,1,0,0
-0.32838105926119315,0.006414183089175776,-0.41352897068757116,-2.5228356340985316,0.41173269183271005,-0.30769894862137337,-0.2139473878538017,1,1,1,0,0,1,0,0,1,1,0,0,1,0,0,1
-0.27628462721565095,-0.5544873301529852,-0.3064354712021687,0.2732312961117544,0.41173269183271005,-0.5125521334597005,1.0462016124381743,1,1,0,1,0,0,0,1,0,0,0,0,1,0,0,1
-0.5480707302456964,0.17536866329748527,-0.6872123582613775,0.2732312961117544,0.41173269183271005,-0.43894754737936365,-0.34121824377850235,1,1,0,0,0,0,0,0,1,1,0,0,0,1,0,1
-0.3051178726245045,-0.5544873301529852,-0.4016296929669709,0.2732312961117544,0.41173269183271005,-0.5398245695652569,0.9657685726974046,0,0,1,0,0,0,0,1,0,0,0,0,1,0,0,1
0.753029468828819,-0.5544873301529852,0.11003924901884096,0.2732312961117544,0.41173269183271005,0.4610428441039981,-1.0160675133094512,1,1,1,0,0,0,1,0,0,0,0,1,1,0,0,0
-0.4920424920080379,0.1866550961858946,-0.36593185980517007,0.2732312961117544,0.41173269183271005,-0.38083866363172925,0.1733970766395173,1,1,0,0,0,0,0,1,0,1,0,0,0,1,0,1
-0.17389384096261998,-0.4898468508830045,-0.2588383603197676,0.2732312961117544,0.41173269183271005,-0.3864171164715021,0.44203888385164214,1,1,0,0,1,0,0,1,0,1,0,0,0,0,0,1
-0.29528835714421353,-0.010686472802353523,-0.21124124943736647,0.2732312961117544,0.41173269183271005,-0.28414548107566556,0.045424488556864866,1,1,0,1,0,1,0,0,0,1,0,0,1,0,0,1
-0.3665523443763231,0.4664218265713139,-0.16364413855496537,0.2732312961117544,0.41173269183271005,-0.1353867386817215,-0.28376910562567864,0,0,0,0,0,0,0,0,0,0,1,0,0,1,0,1
1.5721557588530668,-0.5544873301529852,1.835434518505881,0.2732312961117544,0.41173269183271005,1.2358279607391236,-0.4631507038744348,1,1,0,0,1,0,0,0,0,0,0,1,0,0,0,1
0.5344865746503497,1.1497640359968246,2.7397796252715017,0.2732312961117544,-2.428760260810931,1.0264810222243126,0.4642512174384068,1,1,1,0,0,0,1,0,0,0,0,1,1,0,0,0
-0.07969431760983145,-0.5544873301529852,-0.18744269399616592,0.2732312961117544,-2.428760260810931,-0.32660370546727047,0.32799774647752417,1,0,0,0,0,0,0,0,0,1,0,0,0,1,0,1
0.06791223985253803,0.18426100436108048,0.45511830291624894,0.2732312961117544,0.41173269183271005,0.14771974293675336,-0.08674651394680609,1,1,0,0,0,0,1,1,0,0,0,1,0,1,0,1
-0.17536826828466362,0.28378682164978103,-0.4254282484081714,0.2732312961117544,0.41173269183271005,-0.03729894291571461,-0.9282615419998026,0,1,0,0,0,0,0,0,1,0,1,0,0,1,0,0
-0.4756599662075529,-0.5544873301529852,-0.9370971903939832,0.2732312961117544,0.41173269183271005,-0.7011348308486901,0.3723680303829235,0,0,0,0,0,0,0,0,1,0,0,0,0,1,0,1
-0.16701318012641628,0.058742190117255434,-0.3421333043639695,0.2732312961117544,0.41173269183271005,-0.13135785607521883,-0.5932417561186023,1,0,1,0,0,0,0,0,1,0,1,0,1,0,0,1
-0.4043959789754433,-0.5544873301529852,-0.5682195810553747,0.2732312961117544,0.41173269183271005,-0.6337285257014341,1.182098632547761,1,0,0,0,0,0,0,1,0,0,0,0,0,1,0,1
-0.421106155291938,-0.5544873301529852,-0.8895000795115822,0.2732312961117544,0.41173269183271005,-0.6495341420807907,0.15879125379102674,1,0,0,0,0,0,0,0,1,0,0,0,0,0,1,1
9.490977255033481,-0.5544873301529852,4.096297285419933,-2.5228356340985316,0.41173269183271005,8.725985597297536,-1.9699848785995988,1,1,0,0,0,0,0,0,1,0,0,1,0,1,0,1
0.7256706507420091,0.07242271483047887,0.43131974747504837,-2.5228356340985316,0.41173269183271005,0.7192012449668219,-1.0036709366535468,1,1,1,0,0,0,1,0,1,0,0,1,1,0,0,1
0.016307283581010405,0.9811515689063458,-0.9013993572321825,0.2732312961117544,0.41173269183271005,0.4599581449407089,-2.0598634444201775,1,1,0,0,0,0,1,1,0,0,0,1,0,0,1,1
-0.025140506694216542,-0.3191823050855421,0.16953563762184234,0.2732312961117544,0.41173269183271005,-0.16839258465037782,0.3901964470967146,1,1,1,0,0,0,0,0,0,0,1,0,1,0,0,1
-0.4756599662075529,1.0187730118677103,0.35992408115144675,0.2732312961117544,0.41173269183271005,0.01166747645562532,0.12524277095469058,1,1,0,1,0,0,1,0,0,0,1,0,1,0,0,1
-0.5854228890708022,-0.5544873301529852,-0.21124124943736647,0.2732312961117544,-2.428760260810931,-0.8049560364777969,0.045424488556864866,0,0,0,0,1,1,0,0,1,0,0,0,0,0,0,0
-0.2037100379195026,-0.5544873301529852,-0.8895000795115822,0.2732312961117544,0.41173269183271005,-0.44390617212582845,-0.8234917869464005,0,0,0,0,0,0,0,1,0,0,0,0,0,1,0,1
-0.45157765328084004,-0.01171251215584528,0.3242262479896459,0.2732312961117544,0.41173269183271005,-0.4324393523996286,2.099889899143497,1,1,0,0,1,1,0,0,0,1,0,0,0,0,0,0
-0.49564664768414457,-0.5544873301529852,-1.186982022526589,0.2732312961117544,0.41173269183271005,-0.7200395876945871,-0.5437553410783061,0,0,0,0,0,0,0,0,0,0,0,0,0,1,0,0
-0.13916288626559187,-0.13415320833919506,0.1457370821806418,0.2732312961117544,0.41173269183271005,-0.1924109232660667,0.4364399626953426,1,1,1,0,0,1,0,0,1,0,1,0,1,0,0,1
-0.36540556757028914,-0.5544873301529852,-0.8538022463497813,0.2732312961117544,0.41173269183271005,-0.5968487541496021,-0.05500256706419068,1,1,0,0,1,1,0,1,0,0,0,0,0,0,0,1
-0.4620624697931504,0.2424032343922801,-0.2469390825991673,0.2732312961117544,0.41173269183271005,-0.32722353356057854,0.2055964062548068,1,1,0,1,0,0,0,0,0,1,0,0,1,0,0,1
-0.47582379146555775,0.2861809134745951,0.16953563762184234,0.2732312961117544,0.41173269183271005,-0.32040542453418946,1.0454013783533957,1,1,0,0,0,0,0,1,0,1,0,0,0,1,0,1
-0.3080667272685918,0.5502150404398075,0.07434141585704014,0.2732312961117544,-2.428760260810931,-0.042102610638852386,-0.15492848981881574,1,1,0,0,0,1,0,0,0,0,1,0,0,0,1,0
-0.3801498407907256,0.18699710930372518,-0.23503980487856702,0.2732312961117544,0.41173269183271005,-0.2748480596760441,0.027769318214337375,1,1,0,1,0,1,0,0,1,1,0,0,1,0,0,1
0.15228224772503557,1.0129587888645903,1.3475641319612697,0.2732312961117544,0.41173269183271005,0.602983477471553,-0.005256973818319998,1,1,0,0,0,0,0,1,0,0,0,1,0,1,0,1
-0.4551818089569467,1.5830946562881771,0.49081613607804975,0.2732312961117544,0.41173269183271005,0.28671619286109484,-0.33162745655968906,1,1,0,0,0,0,0,0,0,0,0,1,0,1,0,1
0.6028017072383719,-0.5544873301529852,0.9786865226226611,0.2732312961117544,0.41173269183271005,0.31894725371311605,0.16371425628847433,1,1,0,0,0,0,0,1,0,0,0,1,0,1,0,1
0.5482478963227571,0.8706813318470665,1.930628740270683,0.2732312961117544,0.41173269183271005,0.9130524811489302,0.009230202537320716,1,0,0,0,0,0,0,0,0,0,0,1,0,1,0,0
-0.4484649733787479,0.15792599428812537,-0.6039174142171756,0.2732312961117544,0.41173269183271005,-0.3526364853862107,-0.4626332458744487,1,1,0,0,1,0,0,0,0,1,0,0,0,0,0,1
0.015815807806995857,-0.5544873301529852,-0.4849246370111728,0.2732312961117544,-2.428760260810931,-0.23626376086761483,-0.5748510694168625,0,1,0,0,0,0,1,0,0,0,1,0,0,1,0,0
-0.48827451107392633,-0.3817707056485393,-0.18744269399616592,0.2732312961117544,0.41173269183271005,-0.6348132248647234,2.534752822691866,0,1,0,0,0,0,0,1,0,0,0,0,0,1,0,1
-0.2605574024471854,-0.5544873301529852,-0.3540325820845698,-2.5228356340985316,0.41173269183271005,-0.4976762592203061,0.8174340795826013,0,0,0,0,0,0,0,0,1,0,0,0,0,0,1,1
0.47993276373473476,0.5286682140164806,0.2290320262248437,0.2732312961117544,0.41173269183271005,0.6934783790945357,-1.1576355852903975,1,1,0,1,0,0,0,0,0,0,0,1,1,0,0,1
-0.2504002364508847,-0.5544873301529852,-0.9370971903939832,0.2732312961117544,0.41173269183271005,-0.4880689237740306,-0.7960898579428319,1,1,1,0,0,0,0,0,1,0,0,0,1,0,0,0
-0.3937473372051281,0.015306524152771011,-0.5444210256141742,2.1372759162519452,-2.428760260810931,-0.36549791832235373,-0.28724537039699005,1,1,0,0,0,1,0,0,1,1,0,0,0,1,0,0
-0.03873800310861906,0.5286682140164806,0.6455067464458534,0.2732312961117544,0.41173269183271005,0.20288444324117427,0.028095012211604747,1,1,0,0,1,0,0,1,0,0,0,1,0,0,0,1
-0.11147641766277228,-0.5544873301529852,-0.7705073023055794,0.2732312961117544,0.41173269183271005,-0.3566653679927133,-0.8133170414186192,0,0,1,0,0,0,0,1,0,1,0,0,1,0,0,0
-0.06609682119542894,0.6996747729317736,1.0738807443874632,0.2732312961117544,0.41173269183271005,0.25448513200907363,0.42516813717522045,1,1,0,1,0,0,0,1,0,0,0,1,1,0,0,1
-0.10705313569664134,0.24342927374577186,-0.18744269399616592,0.2732312961117544,0.41173269183271005,0.009033207059065894,-0.6654193595919522,1,1,0,0,0,0,0,0,1,0,1,0,0,1,0,1
-0.39161760885106506,0.4828384562271821,-0.6039174142171756,-0.6587910139583409,0.41173269183271005,-0.15165722613105911,-0.9899123350927105,1,1,0,0,0,0,0,0,1,0,1,0,0,1,0,1
0.23239279888940703,-0.5544873301529852,-0.05655063906956289,0.2732312961117544,0.41173269183271005,-0.03141057602928765,-0.3810209716022539,1,0,0,0,0,0,1,0,0,0,1,0,0,1,0,1
0.13311469253846817,-0.5544873301529852,-0.1517448608343651,0.2732312961117544,0.41173269183271005,-0.12531453216546487,-0.29157491716286793,1,0,0,0,0,1,0,0,0,0,1,0,0,1,0,0
-0.4756599662075529,-0.5544873301529852,-0.5920181364965753,2.1372759162519452,0.41173269183271005,-0.7011348308486901,1.797664694704299,1,0,0,0,0,0,0,1,0,0,0,0,0,1,0,0
-0.04578248920282759,-0.5544873301529852,-0.2588383603197676,0.2732312961117544,-2.428760260810931,-0.2945276016385763,0.05288580141837269,1,0,0,0,0,0,0,0,0,1,0,0,0,1,0,0
0.15097164566099677,-0.5544873301529852,0.34802480343084646,0.2732312961117544,0.41173269183271005,-0.10842421662281912,0.47901759678778033,1,1,1,0,0,0,0,1,0,0,1,0,1,0,0,1
2.3470492292160055,1.2465537483428806,5.048239503067955,0.2732312961117544,0.41173269183271005,2.784778365916066,-0.11866527504843659,1,1,0,0,0,0,0,0,0,0,0,1,0,1,0,0
1.6964991296787477,-0.5544873301529852,-1.0798885230411865,0.2732312961117544,0.41173269183271005,1.3534403414443354,-2.4917325439348246,0,0,0,0,0,0,1,1,0,0,0,1,0,1,0,1
-0.03578914846453177,-0.5544873301529852,0.11003924901884096,0.2732312961117544,0.41173269183271005,-0.2850752232156277,0.7525198125304231,1,1,0,1,0,0,0,1,0,1,0,0,1,0,0,1
0.6421197691595358,2.1381819465272183,2.787376736153903,-0.6587910139583409,0.41173269183271005,1.5761135839652707,-0.20534865062671068,1,1,0,1,0,0,1,0,0,0,0,1,1,0,0,1
-0.38359017120882744,0.12509273497638912,-0.41352897068757116,-2.5228356340985316,-2.428760260810931,-0.30614937838810313,-0.21930807582756665,1,0,1,0,0,0,0,0,1,1,0,0,1,0,0,0
-0.4324100980942726,-0.055490191238160284,-0.4254282484081714,0.2732312961117544,0.41173269183271005,-0.43414387965622586,0.2799490047566237,0,0,0,0,0,0,0,0,1,1,0,0,0,1,0,1
-0.09607684341031641,-0.23880922239535438,-0.3064354712021687,-2.5228356340985316,0.41173269183271005,-0.1990740752691288,-0.35183953821194613,1,1,0,0,0,0,0,0,1,0,1,0,0,1,0,1
0.5482478963227571,1.1542102065286222,-0.18744269399616592,0.2732312961117544,0.41173269183271005,1.041511853487034,-1.7585369014482353,1,1,0,0,1,0,0,0,0,0,0,1,0,0,0,1
-0.17913624921877516,-0.5544873301529852,-0.18744269399616592,0.2732312961117544,0.41173269183271005,-0.4206626186267747,0.7855090668527485,1,1,0,0,0,0,0,1,0,1,0,0,0,1,0,1
-0.3824433944027935,-0.5544873301529852,-0.8895000795115822,2.1372759162519452,0.41173269183271005,-0.6129642845756128,-0.07800464060627957,1,0,0,0,0,0,0,0,1,0,0,0,0,1,0,0
-0.002041145315532749,-0.5544873301529852,-0.18744269399616592,0.2732312961117544,0.41173269183271005,-0.25315407641026055,0.04237063140735853,1,1,0,1,0,0,0,0,1,1,0,0,1,0,0,1
-0.3391935262895132,0.30054546442347974,-0.21124124943736647,0.2732312961117544,0.41173269183271005,-0.18466307209971547,-0.2242769922721304,1,1,0,0,0,0,0,1,0,0,1,0,0,1,0,1
0.08806274658713453,0.8929121845060546,1.7878374076234798,0.2732312961117544,0.41173269183271005,0.4878504091395734,0.6545556767434629,1,0,0,0,0,0,0,1,0,0,0,1,0,1,0,1
0.09772843680942066,-0.5544873301529852,0.12193852673944124,0.2732312961117544,0.41173269183271005,-0.15878524920410228,0.27407170870558717,0,0,0,0,0,0,0,0,1,0,1,0,0,1,0,1
0.2889125129010801,-0.5544873301529852,-0.21124124943736647,0.2732312961117544,0.41173269183271005,0.022049597018536,-0.7261382814051901,1,0,0,0,0,0,1,0,1,0,1,0,0,1,0,1
-0.13719698316953366,-0.5544873301529852,-0.5444210256141742,0.2732312961117544,0.41173269183271005,-0.38099362065505626,-0.22957315455356336,1,1,0,1,0,0,0,0,1,1,0,0,1,0,0,0
-0.28447589011589347,-0.5544873301529852,-0.3897304152463706,-2.5228356340985316,0.41173269183271005,-0.5202999846260518,0.8657394371547296,1,0,1,0,0,0,0,0,1,0,0,0,1,0,0,1
-0.5008890559402998,-0.007266341624047663,-0.16364413855496537,0.2732312961117544,0.41173269183271005,-0.4770669751178118,1.189652373492839,1,0,0,0,0,1,0,1,0,0,0,0,0,1,0,1
-0.39210908462507965,0.5180658073637324,-0.21124124943736647,0.2732312961117544,-2.428760260810931,-0.1361615237983566,0.045424488556864866,1,1,0,0,0,1,0,0,1,0,1,0,0,1,0,0
-0.5030187842943628,0.27215837564354106,-0.11604702767256427,0.2732312961117544,0.41173269183271005,-0.35248152836288366,0.5974148721178775,1,1,0,0,0,0,0,0,1,1,0,0,0,1,0,1
0.01384990471093766,-0.5544873301529852,-0.2469390825991673,0.2732312961117544,0.41173269183271005,-0.23812324514753913,-0.12194353770219425,1,1,0,0,0,0,0,0,0,0,1,0,0,1,0,1
0.6165630289107793,-0.5544873301529852,0.4670175806368492,0.2732312961117544,0.41173269183271005,0.3319636436725862,-0.44090080014579164,1,0,0,0,1,0,0,0,0,0,0,1,0,0,0,1
0.6717721408584136,-0.5544873301529852,1.537952575490874,0.2732312961117544,0.41173269183271005,0.3841841605337936,0.6347190926374808,1,1,0,0,1,0,0,0,0,0,0,1,0,0,0,1
-0.4620624697931504,0.16887041405870412,-0.3064354712021687,0.2732312961117544,0.41173269183271005,-0.36053929357588893,0.21789341502664977,1,1,0,0,0,0,0,0,1,1,0,0,0,1,0,1
-0.5587193720160116,0.0012839863217169861,-0.3897304152463706,-2.5228356340985316,0.41173269183271005,-0.527892878769076,0.917018765779706,1,1,0,1,0,1,0,1,0,0,0,0,1,0,0,1
-0.3773648114046432,-0.07566896519016486,-0.3897304152463706,0.2732312961117544,0.41173269183271005,-0.3912207841946399,0.16485357350854682,1,1,0,1,0,0,0,0,1,1,0,0,1,0,0,1
-0.34853156599578966,-0.3889529811229816,-0.12794630539316454,0.2732312961117544,0.41173269183271005,-0.5058889814566385,1.491011542237503,1,1,0,1,0,0,0,1,0,0,0,0,1,0,0,1
-0.3642587907642552,-0.5544873301529852,-0.8895000795115822,0.2732312961117544,-2.428760260810931,-0.595764054986313,-0.1772258688067115,0,0,0,0,0,0,0,0,1,0,0,0,0,1,0,0
-0.3883411036909681,-0.055490191238160284,-0.6039174142171756,0.2732312961117544,0.41173269183271005,-0.3924604403812561,-0.3220083898007884,1,1,0,0,0,0,0,0,1,1,0,0,0,1,0,1
-0.2459769544847538,0.015306524152771011,-0.4373275261287717,0.2732312961117544,0.41173269183271005,-0.22572668328137713,-0.5152293944182823,1,0,0,0,0,1,0,0,0,0,1,0,0,1,0,1
-0.6394852242124025,0.061136281942069534,-0.5087231924523733,0.2732312961117544,-2.428760260810931,-0.57716921218707,0.9144871378155051,0,0,0,0,0,0,0,1,0,0,0,0,0,1,0,0
-0.4119319408436664,-0.5544873301529852,-1.1988813002471892,-2.5228356340985316,-2.428760260810931,-0.6408565487744773,-1.0066895542709202,1,1,0,1,0,1,0,0,1,0,0,0,1,0,0,0
-0.4338845254163163,-0.5544873301529852,-0.9608957458351838,-0.6587910139583409,0.41173269183271005,-0.6616207899002987,-0.02162003935282437,1,0,0,0,0,1,0,0,0,0,0,0,0,1,0,0
-0.4756599662075529,6.285775026458735,-0.5087231924523733,0.2732312961117544,0.41173269183271005,2.3980056356918116,-2.3580853495430834,1,0,0,0,0,0,0,1,0,0,0,1,0,1,0,1
-0.5636341297561571,-0.5544873301529852,-1.1036870784823871,0.2732312961117544,0.41173269183271005,-0.7843467523753026,0.3968795176274758,0,0,0,0,0,1,0,1,0,0,0,0,0,1,0,1
0.3338006335944089,-0.5544873301529852,0.5741110801222516,0.2732312961117544,0.41173269183271005,0.06450782141014087,0.2828894475470897,0,0,0,0,0,0,1,0,0,0,1,0,0,1,0,0
-0.14030966307162582,-0.5544873301529852,-0.36593185980517007,0.2732312961117544,0.41173269183271005,-0.3839378040982697,0.18700585527355046,0,0,0,0,0,0,0,1,0,1,0,0,0,1,0,1
-0.5302137771231679,0.2663441526404211,-0.36593185980517007,0.2732312961117544,0.41173269183271005,-0.38083866363172925,0.1733970766395173,1,1,0,0,0,1,0,0,1,1,0,0,0,1,0,1
-0.5226778152549447,-0.5544873301529852,-0.9489964681145835,0.2732312961117544,0.41173269183271005,-0.7456074965435463,0.7438996990092581,0,0,0,0,0,1,0,0,0,0,0,0,0,1,0,1
0.4745265302205747,-0.5544873301529852,0.07434141585704014,-0.6587910139583409,-2.428760260810931,0.19761590444805543,-0.6704019845194208,1,1,1,0,0,0,0,1,0,0,0,1,1,0,0,0
12.38462278717314,-0.5544873301529852,2.5493911817418975,0.2732312961117544,-2.428760260810931,11.46299150032278,-2.3744680698226395,1,1,0,0,1,0,0,0,0,0,0,1,0,0,0,0
-0.25171083851492354,-0.5544873301529852,-0.9965935789969846,0.2732312961117544,0.41173269183271005,-0.4893085799606468,-0.9505652288713118,0,0,1,0,0,1,1,1,0,0,0,0,1,0,0,0
0.13966770285866215,-0.5544873301529852,0.16953563762184234,0.2732312961117544,0.41173269183271005,-0.11911625123238385,0.22190678096122088,1,1,0,0,0,0,0,0,1,0,1,0,0,1,0,1
0.11345566157788621,-0.5544873301529852,0.8596937454166583,0.2732312961117544,-2.428760260810931,-0.14390937496470788,1.4734287307463136,1,1,0,0,0,1,0,0,0,0,1,0,0,1,0,0
-0.5161248049347508,0.14082533839659606,-0.4254282484081714,0.2732312961117544,0.41173269183271005,-0.4243815871866233,0.23290467711183566,1,1,0,0,0,1,0,0,0,1,0,0,0,1,0,1
-0.5331626317672551,0.5526091322646216,0.38372263659264727,0.2732312961117544,-2.428760260810931,-0.2539288615268957,1.1401415091508138,0,1,0,0,0,1,0,1,0,1,0,0,0,1,0,0
-0.3945664634951524,-0.5544873301529852,-1.0203921344381852,0.2732312961117544,0.41173269183271005,-0.6244311043018127,-0.45904818627521354,0,0,0,0,0,0,0,0,1,0,0,0,0,1,0,1
-0.45927744040706797,-0.5544873301529852,0.16953563762184234,0.2732312961117544,0.41173269183271005,-0.6856391285159876,4.6406967678334095,0,0,1,0,0,0,0,0,1,0,0,0,1,0,0,0
-0.6231026984119176,6.285775026458735,1.1095785775492641,0.2732312961117544,0.41173269183271005,2.258544314697489,-1.5610205003863502,1,1,0,1,0,0,1,0,1,0,0,1,1,0,0,0
-0.717302221764706,0.3939150455912297,-0.4016296929669709,0.2732312961117544,0.41173269183271005,-0.5000006145702115,0.702791710966007,1,1,0,0,0,0,0,0,0,0,0,0,0,1,0,1
-0.35344632373593515,-0.0698547421870449,-0.09224847223136372,0.2732312961117544,0.41173269183271005,-0.36596278939233484,0.7157516743809865,1,1,0,0,0,0,0,1,0,1,0,0,0,1,0,1
0.06971431769059137,-0.5544873301529852,-0.09224847223136372,0.2732312961117544,0.41173269183271005,-0.18528290019302357,-0.011635175840350296,1,1,0,0,0,0,0,0,0,0,1,0,0,1,0,1
-0.439618409446486,-0.5544873301529852,-0.7824065800261797,0.2732312961117544,-2.428760260810931,-0.6670442857167446,0.6932766099765798,0,0,0,0,0,1,0,0,1,0,0,0,0,1,0,0
-0.5870611416508507,0.03343321939779207,-0.5444210256141742,0.2732312961117544,0.41173269183271005,-0.540134483611911,0.5513373292605486,1,1,0,0,0,0,0,0,1,0,0,0,0,1,0,1
0.30251000931548266,0.015648537270601597,-0.4254282484081714,0.2732312961117544,-2.428760260810931,0.2932243878408299,-1.4048310088297393,1,1,1,0,0,0,0,0,1,0,0,1,1,0,0,0
1.5524967278924848,-0.5544873301529852,-0.5920181364965753,0.2732312961117544,0.41173269183271005,1.2172331179398805,-2.1278464742164203,1,1,0,0,0,0,0,1,0,0,0,1,0,1,0,1
-0.4484649733787479,0.9161690765185344,-0.2945361934815684,0.2732312961117544,0.41173269183271005,-0.009096764670196041,-0.7862896310077969,1,1,0,0,0,0,0,0,0,0,1,0,0,1,0,1
-0.13064397284933968,-0.5544873301529852,-0.7705073023055794,0.2732312961117544,0.41173269183271005,-0.37479533972197526,-0.7597896251325709,0,0,1,0,0,1,0,0,0,1,0,0,1,0,0,0
0.08707979503910543,-0.5544873301529852,-0.1517448608343651,0.2732312961117544,0.41173269183271005,-0.1688574557203589,-0.16710238879736902,1,1,0,1,0,0,0,1,0,0,1,0,1,0,0,1
-0.4068533578455161,-0.5489740784062651,-0.6991116359819778,0.2732312961117544,0.41173269183271005,-0.633554973705144,0.7202069515587768,1,1,0,0,0,0,0,0,0,0,0,0,0,1,0,1
-0.44010988522050054,-0.5544873301529852,-1.0203921344381852,-2.5228356340985316,0.41173269183271005,-0.6675091567867256,-0.20718954234806222,1,0,0,0,0,1,0,0,1,0,0,0,0,1,0,1
0.527605913814146,-0.5544873301529852,0.05054286041583959,0.2732312961117544,0.41173269183271005,0.24782198000601155,-0.7834344050726202,0,0,1,0,0,0,1,1,0,0,0,1,1,0,0,1
0.17964106581184544,-0.5544873301529852,-0.4849246370111728,0.2732312961117544,-2.428760260810931,-0.08130673754058973,-0.935729173477013,1,0,0,0,0,0,0,0,0,0,1,0,0,1,0,0
1.2241909108507665,-0.5544873301529852,3.0848586791689097,0.2732312961117544,0.41173269183271005,0.9066992431925223,0.9441906211657128,1,0,0,0,0,0,0,1,0,0,0,1,0,1,0,1
-0.48794686055791664,0.24582336557058596,-0.03275208362836234,0.2732312961117544,0.41173269183271005,-0.3501571730129783,0.7668426182685188,1,1,0,0,0,0,0,1,0,1,0,0,0,1,0,1
-0.2708783937014909,-0.5544873301529852,-0.5444210256141742,0.2732312961117544,0.41173269183271005,-0.5074385516899087,0.35598531010336754,1,0,0,0,0,0,0,0,1,0,0,0,0,1,0,1
0.7607292559550469,-0.5544873301529852,-0.21124124943736647,-1.5908133240284363,0.41173269183271005,0.4683258242003683,0.045424488556864866,0,1,0,0,0,0,0,1,0,0,0,1,0,0,1,1
-0.5696956643023365,0.07857895095142942,-1.1393849116441879,0.2732312961117544,0.41173269183271005,-0.5032547120600791,-1.29399795554215,1,0,0,0,0,0,0,1,0,0,0,0,0,1,0,1
-0.5226778152549447,-0.169722572593576,-0.21124124943736647,0.2732312961117544,0.41173269183271005,-0.571280845300643,0.045424488556864866,1,1,0,0,0,0,0,0,1,0,0,0,0,1,0,1
0.8211807761588364,-0.5544873301529852,0.49081613607804975,0.2732312961117544,-2.428760260810931,0.5255049658080405,-0.7146481090876656,1,0,0,0,0,0,1,0,1,0,0,1,0,1,0,0
0.2848168814509589,-0.5544873301529852,-0.09224847223136372,0.2732312961117544,0.41173269183271005,0.018175671435360374,-0.5464176803723185,0,1,0,0,0,1,1,0,0,0,1,0,0,1,0,1
-0.2856226669219274,1.1774670985411022,0.49081613607804975,0.2732312961117544,0.41173269183271005,0.26331768233871405,-0.2868167476329958,1,0,0,0,0,0,0,1,0,0,0,1,0,1,0,1
0.4091602522766397,0.07242271483047887,0.40752119203384785,0.2732312961117544,0.41173269183271005,0.4198242758990094,-0.6484535087623657,1,1,0,0,0,0,0,0,0,0,0,1,0,1,0,1
-0.11409762179084987,0.12714481368337263,0.026744304974639036,0.2732312961117544,0.41173269183271005,-0.050315332875184714,-0.20640658009034735,1,0,0,0,1,1,0,1,0,0,1,0,0,0,0,1
5.294101795465245,-0.5544873301529852,0.07434141585704014,0.2732312961117544,0.41173269183271005,4.756296573705806,-2.425415684785707,1,0,1,0,0,0,0,1,0,0,0,1,1,0,0,1
0.31610750572988516,2.2955079807292877,0.34802480343084646,-0.6587910139583409,0.41173269183271005,1.3390293382749223,-1.5480118054965104,1,1,0,0,0,0,0,0,0,0,0,1,0,1,0,1
-0.3174047669748682,-0.1406514575779762,-0.18744269399616592,0.2732312961117544,0.41173269183271005,-0.3639483480890835,0.49542762557093156,1,1,1,0,0,0,1,0,0,1,0,0,1,0,0,1
-0.1231080109811166,-0.5544873301529852,-0.4254282484081714,0.2732312961117544,0.41173269183271005,-0.3676673166489321,-0.015196701389583319,1,1,0,1,0,1,0,0,0,1,0,0,1,0,0,1
-0.3054455231405142,-0.08387728001809892,-1.0798885230411865,0.2732312961117544,0.41173269183271005,-0.3269136195139245,-1.545610197421907,1,1,0,0,0,0,0,0,0,1,0,0,0,1,0,0
-0.3380467494834793,0.030355101337316795,0.05054286041583959,0.2732312961117544,-2.428760260810931,-0.3059944213647761,0.7290571580536537,1,1,0,1,0,0,0,0,0,1,0,0,1,0,0,0
-0.4315909718042484,-0.027103102458221652,0.5265139692398506,0.2732312961117544,0.41173269183271005,-0.42050766160344766,2.4947454523752626,1,0,1,0,0,1,1,1,0,1,0,0,1,0,0,0
-0.5069505904864792,-0.12526086727559982,-0.2469390825991673,0.2732312961117544,-2.428760260810931,-0.5362605580287354,1.3888689371561849,1,1,0,1,0,1,0,0,0,0,0,0,1,0,0,0
-0.5644532560461814,-0.05651623059165205,-1.0203921344381852,-0.6587910139583409,0.41173269183271005,-0.5595041115277891,-0.761149218625586,1,1,0,1,0,1,0,0,1,0,0,0,1,0,0,1
-0.2384409926165307,0.03822140304742027,0.03864358269523931,0.2732312961117544,-2.428760260810931,-0.20821653964542328,0.3020587356925772,1,1,0,0,0,0,0,0,0,0,1,0,0,1,0,0
-0.47844499559363535,0.2889170184172398,-0.6634138028201769,-2.5228356340985316,-2.428760260810931,-0.32164508072080567,-0.6861000291579465,1,1,0,0,0,0,0,0,0,1,0,0,0,1,0,1
0.27547884174468246,-0.5544873301529852,-0.7348094691437785,0.2732312961117544,0.41173269183271005,0.009343121105719944,-1.4638030963907194,1,0,0,0,0,0,1,1,0,0,1,0,0,1,0,1
-0.2530214405789623,-0.5544873301529852,-0.5920181364965753,0.2732312961117544,0.41173269183271005,-0.490548236147263,0.1360773260450615,1,1,0,1,0,0,0,1,0,0,0,0,1,0,0,1
-0.1806106765408188,-0.5544873301529852,-0.3302340266433692,0.2732312961117544,0.41173269183271005,-0.4220572318367179,0.45044972836260716,1,1,0,0,0,0,0,0,1,1,0,0,0,1,0,1
-0.2777590545376946,0.32414436955379017,0.3242262479896459,0.2732312961117544,0.41173269183271005,-0.11586215374251632,0.46586463522194455,1,1,0,0,0,0,0,0,1,0,1,0,0,1,0,0
-0.17192793786656177,-0.5544873301529852,-0.11604702767256427,0.2732312961117544,0.41173269183271005,-0.41384450960038555,0.9173775622186089,1,0,0,1,0,0,0,0,0,1,0,0,1,0,0,1
0.4800965889927396,-0.5544873301529852,0.16953563762184234,0.2732312961117544,0.41173269183271005,0.20288444324117427,-0.5616357393922843,1,1,0,0,0,0,0,1,0,0,0,1,0,1,0,0
-0.5439750987955752,0.8419522299492973,0.16953563762184234,0.2732312961117544,0.41173269183271005,-0.1330623833318161,0.26777475005126533,1,1,0,0,0,0,1,1,0,0,1,0,0,1,0,1
0.38278438573785895,-0.5544873301529852,-0.21124124943736647,-2.5228356340985316,0.41173269183271005,0.11083997138492138,-0.8885934398163942,1,1,0,0,1,0,0,0,1,0,0,1,0,0,0,1
-0.39128995833505537,0.1938373716603369,0.08624069357764041,0.2732312961117544,0.41173269183271005,-0.2822859967957413,0.6925820423510209,1,1,0,0,0,0,0,0,0,1,0,0,0,1,0,1
-0.03480619691650267,-0.5544873301529852,-0.16364413855496537,0.2732312961117544,0.41173269183271005,-0.28414548107566556,0.20386681319051786,0,0,1,0,0,1,0,1,0,1,0,0,1,0,0,1
-0.2027270863714735,-0.5544873301529852,-0.5682195810553747,0.2732312961117544,-2.428760260810931,-0.4429764299858663,-0.030184428603402487,1,0,0,0,0,0,0,1,0,0,0,0,0,1,0,0
0.09772843680942066,-0.5544873301529852,-0.06844991679016317,0.2732312961117544,0.41173269183271005,-0.15878524920410228,-0.053582696885533854,1,0,0,0,0,0,0,0,0,0,1,0,0,1,0,1
-0.4024300758793852,0.01462249791710984,-0.9013993572321825,-2.5228356340985316,-2.428760260810931,-0.3740205546053401,-1.05525227285904,1,1,0,0,1,1,0,0,1,1,0,0,0,0,0,0
1.8493480953972723,-0.5544873301529852,-0.4254282484081714,0.2732312961117544,0.41173269183271005,1.49801524420845,-2.110844857080682,1,1,0,0,0,0,0,1,0,0,0,1,0,1,0,1
-0.8508198070386584,0.4431649345588341,-0.5682195810553747,0.2732312961117544,0.41173269183271005,-0.6039767772226453,0.9301925830932432,0,1,0,1,0,1,0,1,0,0,0,0,1,0,0,1
-0.17536826828466362,0.28378682164978103,-0.4254282484081714,0.2732312961117544,0.41173269183271005,-0.03729894291571461,-0.9282615419998026,1,1,0,0,0,0,0,0,1,0,1,0,0,1,0,0
-0.3200259711029458,0.15655794181680302,0.1933341930630429,0.2732312961117544,0.41173269183271005,-0.23177000719113108,0.679550702493948,1,1,1,0,0,0,1,1,0,0,1,0,1,0,0,1
-0.4505947017328109,-0.04146765340710626,-0.3897304152463706,-2.5228356340985316,-2.428760260810931,-0.44499087128911763,0.42265229125542525,1,1,1,0,0,1,0,0,0,0,0,0,1,0,0,0
-0.11671882591892746,-0.5544873301529852,-0.5444210256141742,0.2732312961117544,0.41173269183271005,-0.3616239927391781,-0.30127922978417204,1,1,0,0,1,0,0,1,0,1,0,0,0,0,0,1
-0.4756599662075529,-0.5544873301529852,-0.6277159696583761,0.2732312961117544,0.41173269183271005,-0.7011348308486901,1.6502202121882952,0,0,0,0,0,0,1,0,1,0,0,0,0,1,0,1
0.021058216063151045,1.0351896415235784,0.1933341930630429,0.2732312961117544,0.41173269183271005,0.4889351083028626,-0.9652537222655434,1,0,0,1,0,0,0,0,0,0,0,1,1,0,0,1
1.8219892773104625,-0.20768602867277106,0.05054286041583959,0.2732312961117544,0.41173269183271005,1.6292638429664401,-1.8697257271351375,1,1,0,1,0,0,1,0,0,0,0,1,1,0,0,1
0.21240611741281537,0.04403562605054023,1.0024850780638617,-0.6587910139583409,0.41173269183271005,0.22085945794710918,0.42384273137963485,1,1,0,1,0,0,0,1,0,0,0,1,1,0,0,1
-0.414553144971744,0.08576122642587172,-0.16364413855496537,0.2732312961117544,-2.428760260810931,-0.35325631347951875,0.4975430617286147,1,1,0,1,0,0,0,1,0,1,0,0,1,0,0,0
1.845252463947151,0.21504218496583322,-0.711010913702578,0.2732312961117544,0.41173269183271005,1.8427946211110808,-2.361968346679351,1,1,1,0,0,0,1,1,0,0,0,1,1,0,0,1
-0.4024300758793852,-0.0062403022705559055,-0.21124124943736647,0.2732312961117544,0.41173269183271005,-0.38347293302828867,0.045424488556864866,1,1,0,1,0,0,0,0,1,1,0,0,1,0,0,0
-0.17258323889858118,-0.5544873301529852,0.09813997129824069,0.2732312961117544,0.41173269183271005,-0.4144643376936937,1.429335949108763,0,0,0,0,0,1,0,0,0,1,0,0,0,1,0,1
-0.3781839376946674,-0.5544873301529852,-0.3897304152463706,0.2732312961117544,0.41173269183271005,-0.6089354019691101,1.5655011691917533,1,1,0,0,1,1,0,0,0,0,0,0,0,0,0,1
-0.5439750987955752,0.5228539910133606,-0.21124124943736647,0.2732312961117544,0.41173269183271005,-0.2776372860959305,0.08487054300809613,1,1,0,0,0,0,0,1,0,1,0,0,0,1,0,1
0.8894959087468587,-0.5544873301529852,1.0500821889462626,0.2732312961117544,0.41173269183271005,0.59012204453541,-0.2664763964474742,1,1,0,0,0,0,0,1,0,0,0,1,0,1,0,1
0.47993276373473476,-0.5544873301529852,1.192873521593466,0.2732312961117544,0.41173269183271005,0.20272948621784725,0.7067206152603094,1,1,0,1,0,0,0,1,0,0,0,1,1,0,0,1
-0.5644532560461814,0.27865662488232223,-0.17554341627556563,0.2732312961117544,0.41173269183271005,-0.40764622866730454,0.7426234741884747,1,1,1,0,0,1,0,0,0,1,0,0,1,0,0,1
-0.3041349210764754,-0.5544873301529852,-0.7824065800261797,0.2732312961117544,-2.428760260810931,-0.5388948274252948,-0.14930637260975088,1,0,0,1,0,0,0,0,0,0,0,0,1,0,0,0
2.1181853437832308,-0.5544873301529852,4.215290062625936,0.2732312961117544,0.41173269183271005,1.752299719488098,0.43051314904489235,1,1,1,0,0,0,0,0,1,0,0,1,1,0,0,0
-0.13441195378345122,0.15792599428812537,0.16953563762184234,0.2732312961117544,0.41173269183271005,-0.055583871668303565,0.02862582296912418,1,1,0,1,0,0,1,1,0,0,1,0,1,0,0,1
-0.4863086079778681,-0.5544873301529852,-0.841902968629181,0.2732312961117544,0.41173269183271005,-0.7112070373649467,0.8639505590177332,1,0,0,0,0,0,0,0,1,0,0,0,0,1,0,0
-0.4430587398645879,0.3980192030051967,-0.5920181364965753,0.2732312961117544,0.41173269183271005,-0.23874307324084723,-0.7696545515554069,1,0,0,0,0,1,0,1,0,0,1,0,0,1,0,1
-0.011543010279814025,-0.1676704938865925,0.47891685835744946,0.2732312961117544,0.41173269183271005,-0.08688519038036263,0.6150066610579817,1,1,1,0,0,1,0,0,1,0,1,0,1,0,0,1
-0.28054408392377705,-0.5544873301529852,-0.4254282484081714,0.2732312961117544,0.41173269183271005,-0.5165810160662032,0.741252208034948,1,0,0,0,0,1,0,0,0,0,0,0,0,1,0,1
1.9428923177180415,-0.5544873301529852,0.9429886894608602,0.2732312961117544,0.41173269183271005,1.5864957045281813,-1.3191082174089057,0,0,0,0,0,1,1,1,0,0,0,1,0,1,0,1
-0.2959436581762329,0.18323496500758873,-0.3183347489227689,0.2732312961117544,-2.428760260810931,-0.19690467694255046,-0.37944337397889316,1,1,0,0,0,0,0,0,0,0,1,0,0,1,0,0
-0.34034030309554714,-0.24222935357366024,-0.4849246370111728,-4.014071330210684,0.41173269183271005,-0.43166456728299346,0.12294024455554238,0,1,1,0,0,0,0,1,0,1,0,0,1,0,0,1
-0.45927744040706797,0.026934970159010935,-0.46112608156997226,0.2732312961117544,0.41173269183271005,-0.4222121888600449,0.13691405055116465,1,1,0,0,0,1,0,0,0,1,0,0,0,1,0,1
-0.12753129294724755,0.4226441474889989,-0.41352897068757116,-5.132498102294799,0.41173269183271005,0.0708610593665489,-1.0977019384394362,1,1,0,0,0,0,0,0,1,0,1,0,0,1,0,1
-0.41094898929563733,-0.5544873301529852,-0.6039174142171756,0.2732312961117544,0.41173269183271005,-0.6399268066345152,1.1114579033056928,1,1,1,0,0,0,1,1,0,0,0,0,1,0,0,1
0.1440909848247931,0.9558425981868824,0.7526002459312559,0.2732312961117544,-2.428760260810931,0.5693578034095886,-0.5203424603415271,1,0,0,0,0,0,0,0,0,0,0,1,0,1,0,0
-0.7795558198065489,0.7051469828170629,-0.3897304152463706,2.1372759162519452,0.41173269183271005,-0.41787339220688824,0.2874716231671466,0,0,0,0,0,0,0,0,0,1,0,0,0,1,0,1
-0.36769912118235704,-0.5544873301529852,-0.5444210256141742,0.2732312961117544,0.41173269183271005,-0.5990181524761805,0.9689759834314852,0,0,0,0,0,0,0,1,0,0,0,0,0,1,0,1
-0.08821323102608364,1.3689944445262303,0.7407009682106556,0.2732312961117544,0.41173269183271005,0.5368168285109134,-0.4840020067376317,1,1,0,1,0,0,0,1,0,0,0,1,1,0,0,1
-0.22173081630003605,1.2588662205847816,-0.09224847223136372,0.2732312961117544,0.41173269183271005,0.3606306929880858,-1.107458287152954,1,1,1,0,0,1,0,0,0,0,0,1,1,0,0,0
-0.26039357718918055,-0.04728187641022622,-0.2588383603197676,-0.6587910139583409,0.41173269183271005,-0.2677200366030009,-0.04422688626713525,1,1,0,0,0,1,0,1,0,1,0,0,0,1,0,1
-0.31019645562265485,0.9558425981868824,1.157175688431665,0.2732312961117544,0.41173269183271005,0.13966197772374805,0.8464747779734971,1,1,0,1,0,0,0,0,0,0,0,1,1,0,0,1
2.5277484887953547,1.7257141264235314,3.9773045082139302,0.2732312961117544,0.41173269183271005,3.172790752326937,-0.7759117273932321,1,1,0,0,0,0,0,0,1,0,0,1,0,1,0,1
-0.2982372117883008,-0.5544873301529852,-0.5920181364965753,0.2732312961117544,0.41173269183271005,-0.533316374585522,0.37153129083194414,1,0,0,0,0,0,0,0,1,0,0,0,0,1,0,0
-0.4791002966256548,0.47599819387057035,0.50271541379865,0.2732312961117544,0.41173269183271005,-0.23750341705423103,1.2854928918786157,1,1,0,0,0,0,1,0,1,0,1,0,0,1,0,1
1.2874274604406384,-0.5544873301529852,-1.2583776888501907,0.2732312961117544,0.41173269183271005,0.9665126541967539,-2.5499648622407465,0,0,1,0,0,0,0,0,1,0,0,1,1,0,0,1
-0.29577983291822807,-0.11431644750502108,-0.5444210256141742,0.2732312961117544,0.41173269183271005,-0.33156233021373527,-0.40529974689954396,1,0,0,0,0,1,0,0,0,1,0,0,0,1,0,0
0.10837707857973587,0.13090695797950908,1.2404706324758672,0.2732312961117544,0.41173269183271005,0.16182083205951264,0.8863071017776812,1,1,1,0,0,0,0,1,0,0,0,1,1,0,0,1
-0.3473847891897557,0.14150936463225725,0.026744304974639036,0.2732312961117544,0.41173269183271005,-0.2644659391131334,0.4989259308200654,1,1,0,1,0,0,0,0,1,1,0,0,1,0,0,1
-0.5362753116693473,1.725372113305701,-0.9013993572321825,-2.5228356340985316,0.41173269183271005,0.27447458801825986,-1.9427360824646258,1,1,0,0,0,0,0,1,0,0,0,1,0,1,0,0
0.06742076407852347,0.6993327598139429,1.966326573432484,0.2732312961117544,0.41173269183271005,0.38062014899727203,1.1098911067461585,1,0,0,0,0,0,0,0,0,0,0,1,0,1,0,0
-0.3174047669748682,0.6179336377702636,0.05054286041583959,0.2732312961117544,0.41173269183271005,-0.020253670349741848,-0.24713833465313462,1,1,0,0,1,0,0,0,0,0,1,0,0,0,0,1
-0.5524940122118274,0.003678078146531088,-0.3897304152463706,2.1372759162519452,0.41173269183271005,-0.5209198127193599,0.8698740789051663,0,1,0,1,0,0,0,1,0,0,0,0,1,0,0,1
-0.3816242681127693,0.061136281942069534,-0.2707376380403678,0.2732312961117544,-2.428760260810931,-0.3332668574703325,0.1801920662336955,1,1,0,0,0,1,0,1,0,1,0,0,0,0,1,0
-0.11802942798296626,0.10046779049258692,0.4670175806368492,0.2732312961117544,0.41173269183271005,-0.06612094925454128,0.5245798398065891,1,0,0,0,0,0,0,1,0,0,1,0,0,1,0,0
-0.3282172340031883,-0.5544873301529852,-0.6039174142171756,0.2732312961117544,0.41173269183271005,-0.5616735098543675,0.512584842187359,0,0,0,0,0,1,0,0,0,0,0,0,0,1,0,0
-0.5261181456730466,0.041299521107895545,-1.1988813002471892,0.2732312961117544,0.41173269183271005,-0.4789264593977361,-1.515076261224678,1,1,0,1,0,1,0,1,0,0,0,0,1,0,0,1
-0.4756599662075529,-0.5544873301529852,-1.0798885230411865,0.2732312961117544,0.41173269183271005,-0.7011348308486901,-0.21740989968109414,1,0,0,0,0,0,0,1,0,0,0,0,0,1,0,1
0.044812878473854234,-0.0674606503622308,-0.5444210256141742,0.2732312961117544,0.41173269183271005,0.011822433478952345,-1.190233409986544,1,1,0,0,1,0,1,0,0,0,1,0,0,0,0,1
0.41686003940286764,1.8963786722209939,3.9773045082139302,0.2732312961117544,0.41173269183271005,1.2534930613984043,0.9816374303468337,1,1,0,1,0,0,1,0,0,0,0,1,1,0,0,1
-0.11852090375698081,0.15929404675944772,-0.21124124943736647,0.2732312961117544,0.41173269183271005,-0.039933212312274036,0.045424488556864866,1,0,0,0,0,0,0,1,0,0,1,0,0,1,0,0
1.9817189038651908,-0.5544873301529852,3.0253622905659086,0.2732312961117544,0.41173269183271005,1.6232205190566862,-0.11209241216966237,1,1,0,1,0,0,1,0,0,0,0,1,1,0,0,1
-0.2667827622513697,-0.5544873301529852,-0.4254282484081714,0.2732312961117544,0.41173269183271005,-0.5035646261067331,0.659770851711029,1,1,0,0,0,0,0,1,0,0,0,0,0,1,0,1
-0.019406622664046805,-0.06540857165524729,0.1814349153424426,0.2732312961117544,-2.428760260810931,-0.04799097752527934,0.02540324042654767,1,1,1,0,0,1,0,1,0,0,1,0,1,0,0,1
-0.44633524502468486,-0.10918625073756229,-0.6158166919377758,0.2732312961117544,0.41173269183271005,-0.4716434793013659,-0.01932342878020737,1,0,1,0,0,1,0,1,0,0,0,0,1,0,0,1
0.2260036138272179,-0.5544873301529852,-0.18744269399616592,0.2732312961117544,0.41173269183271005,-0.037453899939041635,-0.565678564093682,1,0,0,0,0,1,0,1,0,0,1,0,0,1,0,1
-0.717302221764706,1.3265848179152375,0.8358951899754578,0.2732312961117544,0.41173269183271005,-0.07743281195741411,1.1468752546336594,1,1,0,0,0,0,0,0,0,0,1,0,0,1,0,1
-0.1838871817009158,-0.5544873301529852,-0.5444210256141742,0.2732312961117544,0.41173269183271005,-0.4251563723032584,-0.05042555037055266,1,1,0,0,1,0,0,0,1,1,0,0,0,0,0,1
-0.2974180854982766,-0.5544873301529852,-0.4254282484081714,0.2732312961117544,-2.428760260810931,-0.5325415894688867,0.846371084357637,1,0,0,1,0,0,0,0,0,0,0,0,1,0,0,0
0.957811041334881,-0.5544873301529852,0.5979096355634522,0.2732312961117544,0.41173269183271005,0.6547391232627794,-0.7798832959458518,1,0,1,0,0,0,0,1,0,0,0,1,1,0,0,0
2.0906627004384157,-0.5544873301529852,-0.2469390825991673,0.2732312961117544,0.41173269183271005,1.7262669395691579,-2.0750426289851718,0,0,0,0,0,1,1,0,1,0,0,1,0,1,0,1
-0.46746870330731044,0.14390345645707134,-0.23503980487856702,0.2732312961117544,0.41173269183271005,-0.3769647380485536,0.45088521416177113,1,0,0,0,0,1,0,0,0,1,0,0,0,1,0,1
0.11951719612406565,0.7814159080932835,2.1210171838002876,0.2732312961117544,0.41173269183271005,0.4670861680137521,1.04497669390938,1,1,0,0,0,0,0,0,1,0,0,1,0,1,0,1
-0.29266715301613594,-0.5544873301529852,-0.46112608156997226,0.2732312961117544,0.41173269183271005,-0.5280478357924031,0.7142582363164952,1,0,0,1,0,0,0,1,0,0,0,0,1,0,0,1
-0.40734483361953067,-0.3711682989957912,-0.9489964681145835,0.2732312961117544,0.41173269183271005,-0.5534607876180352,-0.5720367248462884,1,1,0,0,0,1,0,0,0,0,0,0,0,1,0,0
0.16604356939744294,-0.5544873301529852,0.1338378044600415,-2.5228356340985316,0.41173269183271005,-0.09416817047673282,0.08562064162822568,1,1,0,0,1,0,0,0,0,0,1,0,0,0,0,1
-0.13031632233333,0.4185399900750319,-0.06844991679016317,-2.5228356340985316,0.41173269183271005,0.06636730569006517,-0.6125141606027098,0,1,1,0,0,0,0,1,0,0,1,0,1,0,0,1
-0.5349647096053085,-0.5544873301529852,-0.5563203033347744,0.2732312961117544,-2.428760260810931,-0.7572292732930732,2.768950050997754,0,0,0,0,0,0,0,1,0,0,0,0,0,1,0,0
-0.2869332689859662,-0.5544873301529852,-0.6039174142171756,0.2732312961117544,0.41173269183271005,-0.5226243399759571,0.275686653749574,0,0,1,0,0,0,0,1,0,0,0,0,1,0,0,1
-0.5184183585468186,0.3087537792514138,-0.21124124943736647,0.2732312961117544,0.41173269183271005,-0.3504670870596323,0.381438203252373,1,1,1,0,0,1,0,0,1,1,0,0,1,0,0,1
-0.3909623078190457,-0.32773263303130673,-0.5206224701729736,0.2732312961117544,0.41173269183271005,-0.5182855433228005,0.48508826882812944,0,1,0,0,0,1,0,1,0,0,0,0,0,1,0,1
-0.4317547970622532,0.11243824961665744,0.11003924901884096,0.2732312961117544,0.41173269183271005,-0.35744015310934846,1.1160907507974787,1,1,0,0,0,0,0,0,0,1,0,0,0,1,0,1
-0.33509789483939195,-0.5544873301529852,-0.7824065800261797,-4.759689178266761,0.41173269183271005,-0.5681817048341026,0.006669416114024765,1,0,0,0,0,1,0,1,0,0,0,0,0,1,0,0
-0.47140050949942686,0.05532205893894957,-0.00895352818716179,0.2732312961117544,0.41173269183271005,-0.4208175756501017,1.2140915916294293,1,0,0,0,0,0,0,0,0,1,0,0,0,1,0,1
-0.06609682119542894,-0.5544873301529852,-0.5087231924523733,0.2732312961117544,-2.428760260810931,-0.31374227253112735,-0.38942846261643244,0,0,0,0,0,0,0,1,0,1,0,0,0,1,0,0
-0.4289697676761708,0.1350111153934761,-0.4254282484081714,0.2732312961117544,0.41173269183271005,-0.34457872017320534,-0.10536519641526984,1,1,0,0,0,0,0,0,0,1,0,0,0,1,0,1
0.20142982512649044,-0.5544873301529852,-0.21124124943736647,0.2732312961117544,-2.428760260810931,-0.0606974534380954,0.045424488556864866,1,1,0,1,0,0,1,0,0,0,1,0,1,0,0,0
-0.47697056827159173,0.25779382469465645,-0.21124124943736647,0.2732312961117544,0.41173269183271005,-0.3343515566336217,0.045424488556864866,1,1,1,0,0,1,0,0,0,1,0,0,1,0,0,1
-0.3391935262895132,0.5570553027964192,0.1457370821806418,0.2732312961117544,0.41173269183271005,-0.06844530460444664,0.028480222941044003,1,1,1,0,0,0,0,0,1,0,1,0,1,0,0,1
-0.483195928075776,0.24342927374577186,0.41942046975444813,0.2732312961117544,-2.428760260810931,-0.3467481184997837,1.7252617638009597,1,1,0,0,0,1,0,0,1,1,0,0,0,1,0,0
-0.2965989592082523,0.9045406305122945,-0.16364413855496537,-2.5228356340985316,-2.428760260810931,0.12927985716083737,-0.8568237824842017,1,1,0,0,0,0,0,0,0,0,0,1,0,1,0,0
0.010573399550840669,-0.2015297925518205,-1.4249675769385945,0.2732312961117544,0.41173269183271005,-0.08130673754058973,-2.4290771374211597,1,1,1,0,0,0,0,1,0,0,1,0,1,0,0,1
-0.44830114812074306,0.0012839863217169861,-0.7348094691437785,0.2732312961117544,0.41173269183271005,-0.4234518450466611,-0.51582580635763,0,0,0,0,0,0,0,0,1,1,0,0,0,1,0,1
0.7758011796914931,-0.5544873301529852,1.3594634096818698,0.2732312961117544,0.41173269183271005,0.48258187034645456,0.23027511799867634,1,1,0,0,1,0,1,1,0,0,0,1,0,0,0,1
-0.24843433335482654,0.35834568133684874,0.1933341930630429,0.2732312961117544,0.41173269183271005,-0.07262914423427633,0.11559212967425017,1,1,0,0,0,0,0,1,0,0,1,0,0,1,0,1
-0.20043353275940562,0.23419491956434604,0.43131974747504837,0.2732312961117544,0.41173269183271005,-0.08347613586716808,0.5272385378175053,0,1,0,0,0,0,0,1,0,0,1,0,0,1,0,1
-0.28316528805185465,-0.4717201556379834,-0.44922680384937197,0.2732312961117544,0.41173269183271005,-0.4815607287942955,0.46723891220604574,1,1,0,1,0,1,0,1,0,0,0,0,1,0,0,1
2.306748215746812,-0.5544873301529852,5.405217834685963,0.2732312961117544,0.41173269183271005,1.930655253337504,0.8631736119216906,0,1,1,0,0,0,1,1,0,0,0,1,1,0,0,1
0.08511389194304723,0.14800761387103836,0.7763988013724563,0.2732312961117544,0.41173269183271005,0.1475647859134263,0.3294920054015656,1,1,0,0,0,0,0,0,0,0,0,1,0,1,0,1
0.06496338520845074,-0.5544873301529852,-0.16364413855496537,0.2732312961117544,0.41173269183271005,-0.1897766538695073,-0.12419787050430994,1,0,0,0,0,1,1,1,0,0,1,0,0,1,0,1
0.5562753339649946,-0.5544873301529852,1.3356648542406693,0.2732312961117544,-2.428760260810931,0.27493945908824097,0.6821874459117794,1,1,0,1,0,0,0,0,1,0,0,1,1,0,0,0
-0.15341568371201378,-0.5544873301529852,-0.3064354712021687,0.2732312961117544,0.41173269183271005,-0.3963343659644317,0.38019080682265755,1,1,0,0,0,1,0,0,0,1,0,0,0,1,0,1
-0.3391935262895132,-0.5544873301529852,-0.9013993572321825,0.2732312961117544,0.41173269183271005,-0.5720556304172781,-0.3400222481279965,1,0,0,0,0,0,0,0,1,0,0,0,0,1,0,1
-0.3282172340031883,0.30054546442347974,-0.2707376380403678,0.2732312961117544,-2.428760260810931,-0.17428095153680478,-0.35902324447047695,1,1,0,0,1,0,0,0,0,0,1,0,0,0,0,0
-0.49564664768414457,-0.5544873301529852,-1.627255298188799,0.2732312961117544,0.41173269183271005,-0.7200395876945871,-2.4555319927085844,0,0,0,0,0,0,0,0,1,0,0,0,0,1,0,0
-0.3665523443763231,0.15142774504934423,-0.49682391473177306,0.2732312961117544,-2.428760260810931,-0.2781021571659116,-0.4772467347077047,1,1,0,0,0,0,0,0,1,1,0,0,0,1,0,0
-0.32543220461710587,0.04403562605054023,0.47891685835744946,0.2732312961117544,0.41173269183271005,-0.28786444963551416,1.5024903716647118,1,1,1,0,0,0,0,0,1,1,0,0,1,0,0,1
-0.04709309126686639,-0.05822629618080497,0.2290320262248437,0.2732312961117544,-2.428760260810931,-0.07092461697767904,0.16663728677181527,1,1,0,0,0,0,0,0,1,0,1,0,0,0,1,0
1.8450886386891463,-0.5544873301529852,1.537952575490874,0.2732312961117544,0.41173269183271005,1.4939863616019473,-0.8931160135034886,1,1,0,1,0,0,0,0,1,0,0,1,1,0,0,1
0.11820659406002686,0.0012839863217169861,0.49081613607804975,2.1372759162519452,0.41173269183271005,0.11238954161819163,0.04418514994407492,1,1,0,1,0,1,0,1,0,0,0,1,1,0,0,0
0.16424149155938958,-0.5544873301529852,0.05054286041583959,0.2732312961117544,0.41173269183271005,-0.09587269773333008,-0.04348095709404969,1,1,0,0,1,0,0,1,0,0,1,0,0,0,0,0
-0.36769912118235704,-0.3968192828330851,-0.44922680384937197,-4.014071330210684,0.41173269183271005,-0.5275829647224219,0.7451880570762457,1,1,0,1,0,0,0,0,1,0,0,0,1,0,0,1
-0.37949453975870623,0.2013616602526098,-0.11604702767256427,0.2732312961117544,-2.428760260810931,-0.2677200366030009,0.23412780981744946,1,1,0,0,0,0,0,1,0,1,0,0,0,1,0,0
-0.3562313531220176,0.3822865995849898,-0.4254282484081714,0.2732312961117544,0.41173269183271005,-0.16374387395056708,-0.6558562942941457,1,0,0,0,0,0,0,0,1,0,1,0,0,1,0,1
-0.5932865014550349,0.20888594884488268,-0.46112608156997226,0.2732312961117544,0.41173269183271005,-0.4665298975315741,0.3547608915473468,1,1,1,0,0,0,0,0,0,0,0,0,1,0,0,1
-0.3639311402482455,0.4431649345588341,0.1814349153424426,0.2732312961117544,0.41173269183271005,-0.1434445038947268,0.3229458840599931,1,0,0,0,0,0,0,0,1,0,1,0,0,1,0,1
0.18619407613203942,-0.5544873301529852,0.7050031350488547,0.2732312961117544,0.41173269183271005,-0.07510845660750873,0.9308835217483384,1,1,0,1,0,0,0,1,0,0,1,0,1,0,0,1
-0.584439937522773,11.018210537880554,-0.6634138028201769,0.2732312961117544,0.41173269183271005,4.439254503978713,-2.6105669820453223,1,0,0,0,0,0,0,0,1,0,0,1,0,1,0,0
-0.3665523443763231,-0.5544873301529852,-1.3059747997325917,0.2732312961117544,0.41173269183271005,-0.5979334533128914,-1.5234221458457022,0,1,0,0,0,0,0,1,0,0,0,0,0,1,0,1
-0.5772316261705597,-0.5544873301529852,-1.0084928567175848,0.2732312961117544,0.41173269183271005,-0.7972081853114457,1.0661936626479513,1,1,1,0,0,0,0,0,0,0,0,0,1,0,0,0
-0.4286421171601611,0.10115181672824809,0.002945749533438485,0.2732312961117544,-2.428760260810931,-0.35960955143592677,0.8930209111041202,1,1,1,0,0,0,0,0,0,1,0,0,1,0,0,0
-0.1835595311849061,0.4715520233387727,0.31232697026904566,-4.014071330210684,0.41173269183271005,0.04002461172447091,-0.018772509280682824,1,1,1,0,0,0,0,0,0,0,1,0,1,0,0,0
-0.5089164935825374,-0.03394336481483337,-0.49682391473177306,0.2732312961117544,0.41173269183271005,-0.496746517080344,0.42547996015018774,1,1,0,0,0,0,0,0,1,0,0,0,0,1,0,1
-0.5305414276391776,-0.5544873301529852,-0.9013993572321825,0.2732312961117544,0.41173269183271005,-0.7530454336632435,1.0521563335302293,0,0,0,0,0,1,0,1,0,0,0,0,0,1,0,1
-0.10705313569664134,-0.5544873301529852,-0.6158166919377758,0.2732312961117544,0.41173269183271005,-0.35248152836288366,-0.48901815694741785,1,0,0,0,0,0,0,1,0,1,0,0,0,1,0,1
-0.4386354578984569,-0.5544873301529852,-0.4730253592905725,0.2732312961117544,-2.428760260810931,-0.6661145435767825,1.8572338522284955,1,1,0,1,0,0,1,1,0,0,0,0,1,0,0,0
-0.3937473372051281,0.6138294803562965,-1.0679892453205864,-2.5228356340985316,0.41173269183271005,-0.09432312750005983,-1.8481238147895218,1,1,0,0,0,0,0,1,0,0,1,0,0,1,0,1
0.09772843680942066,-0.5544873301529852,0.7050031350488547,-1.5908133240284363,0.41173269183271005,-0.15878524920410228,1.2775133258283944,1,1,0,1,0,0,1,1,0,0,1,0,1,0,0,0
0.6476898279317007,-0.5544873301529852,1.7402402967410786,0.2732312961117544,0.41173269183271005,0.36140547810472096,0.9138066931392288,1,0,0,0,1,0,1,1,0,0,0,1,0,0,0,1
-0.2530214405789623,0.5741559586879486,-0.044651361348962616,-2.5228356340985316,0.41173269183271005,0.0208099408319198,-0.48340312383170136,1,1,0,0,0,0,0,0,0,0,1,0,0,1,0,1
1.7556400478184984,-0.5544873301529852,1.3594634096818698,0.2732312961117544,0.41173269183271005,1.4093798268653916,-0.9387780668292877,1,1,0,0,0,0,1,0,1,0,0,1,0,1,0,1
-0.2572808972870884,-0.5544873301529852,-0.4254282484081714,0.2732312961117544,0.41173269183271005,-0.49457711875376564,0.6055941972220925,1,0,0,0,0,1,0,0,0,0,0,0,0,1,0,1
0.16047351062527804,-0.21247421232239924,0.49081613607804975,0.2732312961117544,0.41173269183271005,0.05552031405717342,0.19155898303915203,1,1,0,1,0,1,1,0,0,0,1,0,1,0,0,0
-0.39587706555919117,-0.5544873301529852,-0.6872123582613775,0.2732312961117544,-2.428760260810931,-0.6256707604884288,0.6993258824167952,1,0,0,0,0,0,0,1,0,0,0,0,0,0,1,0
0.7469679342826396,-0.5544873301529852,0.40752119203384785,0.2732312961117544,0.41173269183271005,0.45530943424089815,-0.7006779491200306,1,1,0,0,0,0,1,0,0,0,0,1,0,1,0,1
0.061686880048353744,-0.5544873301529852,0.5503125246810512,0.2732312961117544,0.41173269183271005,-0.1928757943360478,1.1609494207251518,1,1,0,1,0,0,0,0,1,0,1,0,1,0,0,1
-0.8170718038896595,13.696173250494041,2.4303984045358944,-2.5228356340985316,0.41173269183271005,5.432529023504944,-1.8986581984648616,0,0,0,0,1,0,0,0,1,0,0,1,0,0,0,0
-0.4111128145536422,0.4004132948300108,0.11003924901884096,0.2732312961117544,0.41173269183271005,-0.20744175452878816,0.4288806360043115,1,1,0,0,0,1,0,0,0,0,1,0,0,1,0,1
0.04907233518198032,-0.5544873301529852,-0.21124124943736647,0.2732312961117544,0.41173269183271005,-0.20480748513222874,-0.16281519533023253,1,1,0,0,1,0,0,0,1,0,1,0,0,0,0,1
-0.2830014627938498,0.916511089636365,0.31232697026904566,0.2732312961117544,0.41173269183271005,0.1475647859134263,-0.27122827562766133,1,0,0,0,0,0,0,0,0,0,0,1,0,1,0,1
1.0806799848385182,-0.5544873301529852,4.167692951743534,0.2732312961117544,0.41173269183271005,0.7709568907580483,2.1580845408545324,0,1,1,0,0,0,0,1,0,0,0,1,1,0,0,1
-0.4920424920080379,0.7451625176032415,-0.21124124943736647,-2.5228356340985316,0.41173269183271005,-0.12779384453869727,0.045424488556864866,1,1,0,0,0,1,0,0,1,0,1,0,0,1,0,0
-0.3282172340031883,0.30054546442347974,0.3242262479896459,0.2732312961117544,0.41173269183271005,-0.17428095153680478,0.6822513495691019,1,1,1,0,0,0,0,1,0,0,1,0,1,0,0,1
-0.23205180755434157,-0.07190682089402842,0.1338378044600415,0.2732312961117544,0.41173269183271005,-0.25206937724697137,0.6531080065406658,1,1,0,1,0,1,0,0,0,1,0,0,1,0,0,1
-0.355739877348003,0.11243824961665744,-0.44922680384937197,0.2732312961117544,0.41173269183271005,-0.2855400942856088,-0.35977074379309903,1,1,0,0,0,0,0,0,0,1,0,0,0,1,0,1
-0.4101298630056131,-0.5544873301529852,-0.8895000795115822,0.2732312961117544,0.41173269183271005,-0.6391520215178801,0.08764765035201834,0,0,0,0,0,0,0,0,0,0,0,0,0,1,0,1
-0.21255660185176448,-0.5544873301529852,-1.2583776888501907,-2.5228356340985316,0.41173269183271005,-0.4522738513854878,-1.723574799420405,1,1,0,0,1,0,0,0,0,0,0,0,0,0,0,1
0.437174371395469,-0.4724041818736446,1.276168465637668,0.2732312961117544,0.41173269183271005,0.19947538872797974,0.8193608560277689,1,1,1,0,0,0,0,0,1,0,0,1,1,0,0,1
0.35706382023109756,-0.5544873301529852,0.49081613607804975,0.2732312961117544,0.41173269183271005,0.08651171872257844,0.10947754485249792,1,1,0,1,0,0,0,0,1,0,0,1,1,0,0,1
-0.13441195378345122,-0.5544873301529852,-0.1517448608343651,0.2732312961117544,-2.428760260810931,-0.37835935125849685,0.64517624848785,0,0,0,0,0,0,1,1,0,1,0,0,0,1,0,0
